<?xml version="1.0" encoding="UTF-8"?>
<gpx xmlns:gpxdata="http://www.cluetrust.com/XML/GPXDATA/1/0" xmlns:xsi="http://www.w3.org/2001/XMLSchema-instance" xmlns="http://www.topografix.com/GPX/1/1" version="1.1" creator="http://ridewithgps.com/" xsi:schemaLocation="http://www.topografix.com/GPX/1/1 http://www.topografix.com/GPX/1/1/gpx.xsd http://www.cluetrust.com/XML/GPXDATA/1/0 http://www.cluetrust.com/Schemas/gpxdata10.xsd">
  <metadata>
    <name>2026 Tour de Victoria 80km</name>
    <link href="https://ridewithgps.com/routes/48156781">
      <text>2026 Tour de Victoria 80km</text>
    </link>
    <time>2024-08-24T12:30:00Z</time>
  </metadata>
  <wpt lat="48.48450440397016" lon="-123.44537573602847">
    <name>Aid Station: Munn Rd</name>
    <cmt>aid_station</cmt>
    <desc>Food, Hydration, Medical &amp; Mechanical
88km to Finish Line.
22km to next Aid Station</desc>
    <sym>Dot</sym>
    <type>aid_station</type>
  </wpt>
  <wpt lat="48.5159378638553" lon="-123.37412566843032">
    <name>Aid Station: Claremont Secondary School</name>
    <cmt>aid_station</cmt>
    <desc>Food, Hydration, Medical &amp; Mechanical
29km to Finish Line
13 km to Next Aid Station</desc>
    <sym>Dot</sym>
    <type>aid_station</type>
  </wpt>
  <wpt lat="48.45389323010977" lon="-123.30078117305996">
    <name>Aid Station: Beach Dr &amp; Midland Rd</name>
    <cmt>aid_station</cmt>
    <desc>Food, Hydration, Medical &amp; Mechanical
16km to Finish Line
7.5km to next Aid Station</desc>
    <sym>Dot</sym>
    <type>aid_station</type>
  </wpt>
  <wpt lat="48.45363505534087" lon="-123.30075500888832">
    <name>Timed section start</name>
    <cmt>segment_start</cmt>
    <sym>Dot</sym>
    <type>generic</type>
  </wpt>
  <wpt lat="48.42080846455383" lon="-123.37097387126468">
    <name>Timed section end</name>
    <cmt>segment_end</cmt>
    <sym>Dot</sym>
    <type>generic</type>
  </wpt>
  <wpt lat="48.50079189346789" lon="-123.47085913165489">
    <name>Timed section start</name>
    <cmt>segment_start</cmt>
    <sym>Dot</sym>
    <type>generic</type>
  </wpt>
  <wpt lat="48.51696310851037" lon="-123.49351704178474">
    <name>Timed section End</name>
    <cmt>segment_end</cmt>
    <sym>Dot</sym>
    <type>generic</type>
  </wpt>
  <trk>
    <name>2026 Tour de Victoria 80km</name>
    <trkseg>
      <trkpt lat="48.42158" lon="-123.36864">
        <ele>0.1</ele>
      </trkpt>
      <trkpt lat="48.42218" lon="-123.36848">
        <ele>1.6</ele>
      </trkpt>
      <trkpt lat="48.42277" lon="-123.36833">
        <ele>2.6</ele>
      </trkpt>
      <trkpt lat="48.42293" lon="-123.36831">
        <ele>2.8</ele>
      </trkpt>
      <trkpt lat="48.42297" lon="-123.36847">
        <ele>2.7</ele>
      </trkpt>
      <trkpt lat="48.42323" lon="-123.36917">
        <ele>2.1</ele>
      </trkpt>
      <trkpt lat="48.42334" lon="-123.3693">
        <ele>2.0</ele>
      </trkpt>
      <trkpt lat="48.424" lon="-123.36961">
        <ele>1.6</ele>
      </trkpt>
      <trkpt lat="48.42424" lon="-123.36966">
        <ele>1.5</ele>
      </trkpt>
      <trkpt lat="48.42489" lon="-123.36973">
        <ele>1.5</ele>
      </trkpt>
      <trkpt lat="48.42554" lon="-123.36981">
        <ele>1.6</ele>
      </trkpt>
      <trkpt lat="48.42592" lon="-123.36993">
        <ele>1.5</ele>
      </trkpt>
      <trkpt lat="48.42653" lon="-123.37017">
        <ele>0.0</ele>
      </trkpt>
      <trkpt lat="48.42653" lon="-123.37017">
        <ele>0.0</ele>
      </trkpt>
      <trkpt lat="48.42693" lon="-123.37029">
        <ele>0.0</ele>
      </trkpt>
      <trkpt lat="48.42706" lon="-123.37031">
        <ele>0.0</ele>
      </trkpt>
      <trkpt lat="48.42717" lon="-123.37026">
        <ele>0.0</ele>
      </trkpt>
      <trkpt lat="48.4275" lon="-123.37018">
        <ele>0.0</ele>
      </trkpt>
      <trkpt lat="48.42791" lon="-123.37">
        <ele>1.2</ele>
      </trkpt>
      <trkpt lat="48.42806" lon="-123.37003">
        <ele>0.0</ele>
      </trkpt>
      <trkpt lat="48.42819" lon="-123.37014">
        <ele>0.0</ele>
      </trkpt>
      <trkpt lat="48.4283" lon="-123.37032">
        <ele>0.0</ele>
      </trkpt>
      <trkpt lat="48.42837" lon="-123.37048">
        <ele>0.0</ele>
      </trkpt>
      <trkpt lat="48.42842" lon="-123.37065">
        <ele>0.0</ele>
      </trkpt>
      <trkpt lat="48.42844" lon="-123.37077">
        <ele>0.0</ele>
      </trkpt>
      <trkpt lat="48.42846" lon="-123.37102">
        <ele>0.0</ele>
      </trkpt>
      <trkpt lat="48.42842" lon="-123.37125">
        <ele>0.0</ele>
      </trkpt>
      <trkpt lat="48.4283" lon="-123.37211">
        <ele>0.0</ele>
      </trkpt>
      <trkpt lat="48.42819" lon="-123.37297">
        <ele>0.0</ele>
      </trkpt>
      <trkpt lat="48.42811" lon="-123.37356">
        <ele>0.0</ele>
      </trkpt>
      <trkpt lat="48.4281" lon="-123.37393">
        <ele>0.0</ele>
      </trkpt>
      <trkpt lat="48.42814" lon="-123.37464">
        <ele>0.0</ele>
      </trkpt>
      <trkpt lat="48.42844" lon="-123.37466">
        <ele>0.0</ele>
      </trkpt>
      <trkpt lat="48.42898" lon="-123.37485">
        <ele>0.0</ele>
      </trkpt>
      <trkpt lat="48.42913" lon="-123.37498">
        <ele>0.0</ele>
      </trkpt>
      <trkpt lat="48.42983" lon="-123.37567">
        <ele>0.0</ele>
      </trkpt>
      <trkpt lat="48.42983" lon="-123.37567">
        <ele>0.0</ele>
      </trkpt>
      <trkpt lat="48.43045" lon="-123.37627">
        <ele>0.0</ele>
      </trkpt>
      <trkpt lat="48.43108" lon="-123.37688">
        <ele>0.0</ele>
      </trkpt>
      <trkpt lat="48.4317" lon="-123.37749">
        <ele>0.0</ele>
      </trkpt>
      <trkpt lat="48.43232" lon="-123.37809">
        <ele>0.0</ele>
      </trkpt>
      <trkpt lat="48.43242" lon="-123.37823">
        <ele>0.0</ele>
      </trkpt>
      <trkpt lat="48.43244" lon="-123.37828">
        <ele>0.0</ele>
      </trkpt>
      <trkpt lat="48.43246" lon="-123.37843">
        <ele>0.0</ele>
      </trkpt>
      <trkpt lat="48.43246" lon="-123.37861">
        <ele>0.0</ele>
      </trkpt>
      <trkpt lat="48.43234" lon="-123.37908">
        <ele>0.0</ele>
      </trkpt>
      <trkpt lat="48.43234" lon="-123.37908">
        <ele>0.0</ele>
      </trkpt>
      <trkpt lat="48.43224" lon="-123.37947">
        <ele>0.0</ele>
      </trkpt>
      <trkpt lat="48.43285" lon="-123.37989">
        <ele>0.0</ele>
      </trkpt>
      <trkpt lat="48.43346" lon="-123.38031">
        <ele>0.0</ele>
      </trkpt>
      <trkpt lat="48.43374" lon="-123.38054">
        <ele>0.0</ele>
      </trkpt>
      <trkpt lat="48.43382" lon="-123.38063">
        <ele>0.0</ele>
      </trkpt>
      <trkpt lat="48.43389" lon="-123.38073">
        <ele>0.0</ele>
      </trkpt>
      <trkpt lat="48.43406" lon="-123.38103">
        <ele>0.0</ele>
      </trkpt>
      <trkpt lat="48.43435" lon="-123.38161">
        <ele>0.0</ele>
      </trkpt>
      <trkpt lat="48.43441" lon="-123.38171">
        <ele>0.0</ele>
      </trkpt>
      <trkpt lat="48.43466" lon="-123.38212">
        <ele>0.0</ele>
      </trkpt>
      <trkpt lat="48.43496" lon="-123.38244">
        <ele>0.0</ele>
      </trkpt>
      <trkpt lat="48.43529" lon="-123.38273">
        <ele>0.0</ele>
      </trkpt>
      <trkpt lat="48.4355" lon="-123.38302">
        <ele>0.0</ele>
      </trkpt>
      <trkpt lat="48.43552" lon="-123.38313">
        <ele>0.0</ele>
      </trkpt>
      <trkpt lat="48.43552" lon="-123.38313">
        <ele>0.0</ele>
      </trkpt>
      <trkpt lat="48.43558" lon="-123.38337">
        <ele>0.0</ele>
      </trkpt>
      <trkpt lat="48.43558" lon="-123.38425">
        <ele>0.0</ele>
      </trkpt>
      <trkpt lat="48.43558" lon="-123.38513">
        <ele>1.3</ele>
      </trkpt>
      <trkpt lat="48.43558" lon="-123.38513">
        <ele>1.3</ele>
      </trkpt>
      <trkpt lat="48.43558" lon="-123.38605">
        <ele>2.3</ele>
      </trkpt>
      <trkpt lat="48.43561" lon="-123.38693">
        <ele>3.7</ele>
      </trkpt>
      <trkpt lat="48.43565" lon="-123.38707">
        <ele>4.0</ele>
      </trkpt>
      <trkpt lat="48.43631" lon="-123.38777">
        <ele>5.5</ele>
      </trkpt>
      <trkpt lat="48.43696" lon="-123.38846">
        <ele>6.0</ele>
      </trkpt>
      <trkpt lat="48.43762" lon="-123.38915">
        <ele>6.8</ele>
      </trkpt>
      <trkpt lat="48.43814" lon="-123.38973">
        <ele>7.1</ele>
      </trkpt>
      <trkpt lat="48.43842" lon="-123.39008">
        <ele>7.1</ele>
      </trkpt>
      <trkpt lat="48.43851" lon="-123.39026">
        <ele>7.2</ele>
      </trkpt>
      <trkpt lat="48.43888" lon="-123.39129">
        <ele>8.5</ele>
      </trkpt>
      <trkpt lat="48.43903" lon="-123.39175">
        <ele>9.2</ele>
      </trkpt>
      <trkpt lat="48.43903" lon="-123.39175">
        <ele>9.2</ele>
      </trkpt>
      <trkpt lat="48.43941" lon="-123.39288">
        <ele>10.0</ele>
      </trkpt>
      <trkpt lat="48.43979" lon="-123.39399">
        <ele>10.2</ele>
      </trkpt>
      <trkpt lat="48.43998" lon="-123.39451">
        <ele>10.6</ele>
      </trkpt>
      <trkpt lat="48.44011" lon="-123.39496">
        <ele>10.7</ele>
      </trkpt>
      <trkpt lat="48.44023" lon="-123.39564">
        <ele>10.9</ele>
      </trkpt>
      <trkpt lat="48.44034" lon="-123.39657">
        <ele>11.4</ele>
      </trkpt>
      <trkpt lat="48.44042" lon="-123.39708">
        <ele>11.4</ele>
      </trkpt>
      <trkpt lat="48.4406" lon="-123.39814">
        <ele>11.4</ele>
      </trkpt>
      <trkpt lat="48.44072" lon="-123.39872">
        <ele>11.3</ele>
      </trkpt>
      <trkpt lat="48.4409" lon="-123.39947">
        <ele>11.3</ele>
      </trkpt>
      <trkpt lat="48.44108" lon="-123.40023">
        <ele>11.2</ele>
      </trkpt>
      <trkpt lat="48.4413" lon="-123.40091">
        <ele>11.1</ele>
      </trkpt>
      <trkpt lat="48.44137" lon="-123.40106">
        <ele>11.1</ele>
      </trkpt>
      <trkpt lat="48.44167" lon="-123.4017">
        <ele>11.4</ele>
      </trkpt>
      <trkpt lat="48.44186" lon="-123.40214">
        <ele>11.6</ele>
      </trkpt>
      <trkpt lat="48.44207" lon="-123.40273">
        <ele>11.7</ele>
      </trkpt>
      <trkpt lat="48.4421" lon="-123.40281">
        <ele>11.7</ele>
      </trkpt>
      <trkpt lat="48.4423" lon="-123.40338">
        <ele>11.9</ele>
      </trkpt>
      <trkpt lat="48.44267" lon="-123.4042">
        <ele>11.7</ele>
      </trkpt>
      <trkpt lat="48.44314" lon="-123.40518">
        <ele>12.0</ele>
      </trkpt>
      <trkpt lat="48.44362" lon="-123.40616">
        <ele>12.6</ele>
      </trkpt>
      <trkpt lat="48.44409" lon="-123.40714">
        <ele>13.0</ele>
      </trkpt>
      <trkpt lat="48.44457" lon="-123.40812">
        <ele>13.7</ele>
      </trkpt>
      <trkpt lat="48.44504" lon="-123.40911">
        <ele>14.2</ele>
      </trkpt>
      <trkpt lat="48.44551" lon="-123.41009">
        <ele>14.8</ele>
      </trkpt>
      <trkpt lat="48.44599" lon="-123.41107">
        <ele>15.7</ele>
      </trkpt>
      <trkpt lat="48.44633" lon="-123.4118">
        <ele>16.4</ele>
      </trkpt>
      <trkpt lat="48.44668" lon="-123.41254">
        <ele>17.1</ele>
      </trkpt>
      <trkpt lat="48.44707" lon="-123.41341">
        <ele>17.7</ele>
      </trkpt>
      <trkpt lat="48.44746" lon="-123.41429">
        <ele>18.3</ele>
      </trkpt>
      <trkpt lat="48.44756" lon="-123.41454">
        <ele>18.5</ele>
      </trkpt>
      <trkpt lat="48.4478" lon="-123.41543">
        <ele>19.0</ele>
      </trkpt>
      <trkpt lat="48.44805" lon="-123.41632">
        <ele>19.5</ele>
      </trkpt>
      <trkpt lat="48.44829" lon="-123.4172">
        <ele>20.2</ele>
      </trkpt>
      <trkpt lat="48.44833" lon="-123.41743">
        <ele>20.3</ele>
      </trkpt>
      <trkpt lat="48.44844" lon="-123.41849">
        <ele>20.6</ele>
      </trkpt>
      <trkpt lat="48.44848" lon="-123.41869">
        <ele>20.9</ele>
      </trkpt>
      <trkpt lat="48.44856" lon="-123.41897">
        <ele>21.2</ele>
      </trkpt>
      <trkpt lat="48.44866" lon="-123.41919">
        <ele>21.5</ele>
      </trkpt>
      <trkpt lat="48.44877" lon="-123.41937">
        <ele>21.7</ele>
      </trkpt>
      <trkpt lat="48.44943" lon="-123.42025">
        <ele>22.8</ele>
      </trkpt>
      <trkpt lat="48.44968" lon="-123.4206">
        <ele>23.5</ele>
      </trkpt>
      <trkpt lat="48.44975" lon="-123.42077">
        <ele>23.6</ele>
      </trkpt>
      <trkpt lat="48.44981" lon="-123.42099">
        <ele>23.8</ele>
      </trkpt>
      <trkpt lat="48.44995" lon="-123.4217">
        <ele>24.0</ele>
      </trkpt>
      <trkpt lat="48.45009" lon="-123.42241">
        <ele>24.3</ele>
      </trkpt>
      <trkpt lat="48.45021" lon="-123.42287">
        <ele>24.4</ele>
      </trkpt>
      <trkpt lat="48.45034" lon="-123.42327">
        <ele>24.6</ele>
      </trkpt>
      <trkpt lat="48.45047" lon="-123.42361">
        <ele>24.8</ele>
      </trkpt>
      <trkpt lat="48.45076" lon="-123.42421">
        <ele>25.2</ele>
      </trkpt>
      <trkpt lat="48.45098" lon="-123.42462">
        <ele>25.6</ele>
      </trkpt>
      <trkpt lat="48.45153" lon="-123.4254">
        <ele>25.7</ele>
      </trkpt>
      <trkpt lat="48.45209" lon="-123.42618">
        <ele>25.4</ele>
      </trkpt>
      <trkpt lat="48.45232" lon="-123.42659">
        <ele>25.1</ele>
      </trkpt>
      <trkpt lat="48.45243" lon="-123.42695">
        <ele>24.7</ele>
      </trkpt>
      <trkpt lat="48.45252" lon="-123.42794">
        <ele>21.8</ele>
      </trkpt>
      <trkpt lat="48.45261" lon="-123.42893">
        <ele>19.0</ele>
      </trkpt>
      <trkpt lat="48.4527" lon="-123.42992">
        <ele>16.2</ele>
      </trkpt>
      <trkpt lat="48.45273" lon="-123.43034">
        <ele>15.1</ele>
      </trkpt>
      <trkpt lat="48.45273" lon="-123.43062">
        <ele>14.4</ele>
      </trkpt>
      <trkpt lat="48.45271" lon="-123.43177">
        <ele>11.6</ele>
      </trkpt>
      <trkpt lat="48.45271" lon="-123.43197">
        <ele>11.4</ele>
      </trkpt>
      <trkpt lat="48.45262" lon="-123.43291">
        <ele>10.7</ele>
      </trkpt>
      <trkpt lat="48.45253" lon="-123.43386">
        <ele>10.4</ele>
      </trkpt>
      <trkpt lat="48.45254" lon="-123.43409">
        <ele>10.4</ele>
      </trkpt>
      <trkpt lat="48.45261" lon="-123.43444">
        <ele>10.5</ele>
      </trkpt>
      <trkpt lat="48.45269" lon="-123.43457">
        <ele>10.7</ele>
      </trkpt>
      <trkpt lat="48.45305" lon="-123.43546">
        <ele>11.7</ele>
      </trkpt>
      <trkpt lat="48.45342" lon="-123.43635">
        <ele>11.9</ele>
      </trkpt>
      <trkpt lat="48.45348" lon="-123.43663">
        <ele>11.7</ele>
      </trkpt>
      <trkpt lat="48.45378" lon="-123.43763">
        <ele>11.2</ele>
      </trkpt>
      <trkpt lat="48.45395" lon="-123.438">
        <ele>11.2</ele>
      </trkpt>
      <trkpt lat="48.4545" lon="-123.43898">
        <ele>11.4</ele>
      </trkpt>
      <trkpt lat="48.45471" lon="-123.43927">
        <ele>11.5</ele>
      </trkpt>
      <trkpt lat="48.45507" lon="-123.4397">
        <ele>11.9</ele>
      </trkpt>
      <trkpt lat="48.45544" lon="-123.44013">
        <ele>12.2</ele>
      </trkpt>
      <trkpt lat="48.45564" lon="-123.4404">
        <ele>12.3</ele>
      </trkpt>
      <trkpt lat="48.45616" lon="-123.44129">
        <ele>12.8</ele>
      </trkpt>
      <trkpt lat="48.45672" lon="-123.44233">
        <ele>13.5</ele>
      </trkpt>
      <trkpt lat="48.45714" lon="-123.44302">
        <ele>13.6</ele>
      </trkpt>
      <trkpt lat="48.4573" lon="-123.44321">
        <ele>13.8</ele>
      </trkpt>
      <trkpt lat="48.45755" lon="-123.44341">
        <ele>14.4</ele>
      </trkpt>
      <trkpt lat="48.45818" lon="-123.44375">
        <ele>16.3</ele>
      </trkpt>
      <trkpt lat="48.45839" lon="-123.44391">
        <ele>16.7</ele>
      </trkpt>
      <trkpt lat="48.45865" lon="-123.44417">
        <ele>17.1</ele>
      </trkpt>
      <trkpt lat="48.45897" lon="-123.44463">
        <ele>18.1</ele>
      </trkpt>
      <trkpt lat="48.45938" lon="-123.44551">
        <ele>20.8</ele>
      </trkpt>
      <trkpt lat="48.4595" lon="-123.44582">
        <ele>21.5</ele>
      </trkpt>
      <trkpt lat="48.45959" lon="-123.44617">
        <ele>22.0</ele>
      </trkpt>
      <trkpt lat="48.45962" lon="-123.44664">
        <ele>22.0</ele>
      </trkpt>
      <trkpt lat="48.45959" lon="-123.44796">
        <ele>19.9</ele>
      </trkpt>
      <trkpt lat="48.45964" lon="-123.44849">
        <ele>18.8</ele>
      </trkpt>
      <trkpt lat="48.45995" lon="-123.4496">
        <ele>17.1</ele>
      </trkpt>
      <trkpt lat="48.46014" lon="-123.45039">
        <ele>16.8</ele>
      </trkpt>
      <trkpt lat="48.46032" lon="-123.45118">
        <ele>17.4</ele>
      </trkpt>
      <trkpt lat="48.46048" lon="-123.45197">
        <ele>18.2</ele>
      </trkpt>
      <trkpt lat="48.46061" lon="-123.45284">
        <ele>19.6</ele>
      </trkpt>
      <trkpt lat="48.46061" lon="-123.45284">
        <ele>19.6</ele>
      </trkpt>
      <trkpt lat="48.46061" lon="-123.45283">
        <ele>19.6</ele>
      </trkpt>
      <trkpt lat="48.46076" lon="-123.45357">
        <ele>21.2</ele>
      </trkpt>
      <trkpt lat="48.46079" lon="-123.45377">
        <ele>21.6</ele>
      </trkpt>
      <trkpt lat="48.46081" lon="-123.45397">
        <ele>22.0</ele>
      </trkpt>
      <trkpt lat="48.46081" lon="-123.45417">
        <ele>22.3</ele>
      </trkpt>
      <trkpt lat="48.46077" lon="-123.45435">
        <ele>22.4</ele>
      </trkpt>
      <trkpt lat="48.46071" lon="-123.45454">
        <ele>22.5</ele>
      </trkpt>
      <trkpt lat="48.46037" lon="-123.45511">
        <ele>22.3</ele>
      </trkpt>
      <trkpt lat="48.46037" lon="-123.45511">
        <ele>22.3</ele>
      </trkpt>
      <trkpt lat="48.46004" lon="-123.45576">
        <ele>22.4</ele>
      </trkpt>
      <trkpt lat="48.45971" lon="-123.45641">
        <ele>22.9</ele>
      </trkpt>
      <trkpt lat="48.45947" lon="-123.4569">
        <ele>23.5</ele>
      </trkpt>
      <trkpt lat="48.45963" lon="-123.45708">
        <ele>24.9</ele>
      </trkpt>
      <trkpt lat="48.45966" lon="-123.45719">
        <ele>25.5</ele>
      </trkpt>
      <trkpt lat="48.45967" lon="-123.45723">
        <ele>25.7</ele>
      </trkpt>
      <trkpt lat="48.45966" lon="-123.45727">
        <ele>25.8</ele>
      </trkpt>
      <trkpt lat="48.45974" lon="-123.45735">
        <ele>26.5</ele>
      </trkpt>
      <trkpt lat="48.45977" lon="-123.4574">
        <ele>26.8</ele>
      </trkpt>
      <trkpt lat="48.45984" lon="-123.45731">
        <ele>26.8</ele>
      </trkpt>
      <trkpt lat="48.45989" lon="-123.45721">
        <ele>26.7</ele>
      </trkpt>
      <trkpt lat="48.4601" lon="-123.4568">
        <ele>26.3</ele>
      </trkpt>
      <trkpt lat="48.46012" lon="-123.45674">
        <ele>26.2</ele>
      </trkpt>
      <trkpt lat="48.46023" lon="-123.45639">
        <ele>25.6</ele>
      </trkpt>
      <trkpt lat="48.46028" lon="-123.45628">
        <ele>25.5</ele>
      </trkpt>
      <trkpt lat="48.46032" lon="-123.45618">
        <ele>25.4</ele>
      </trkpt>
      <trkpt lat="48.46044" lon="-123.456">
        <ele>25.5</ele>
      </trkpt>
      <trkpt lat="48.46054" lon="-123.45578">
        <ele>25.3</ele>
      </trkpt>
      <trkpt lat="48.46054" lon="-123.45578">
        <ele>25.3</ele>
      </trkpt>
      <trkpt lat="48.4607" lon="-123.45541">
        <ele>24.9</ele>
      </trkpt>
      <trkpt lat="48.46078" lon="-123.45516">
        <ele>24.6</ele>
      </trkpt>
      <trkpt lat="48.46084" lon="-123.45502">
        <ele>24.5</ele>
      </trkpt>
      <trkpt lat="48.46107" lon="-123.45457">
        <ele>24.6</ele>
      </trkpt>
      <trkpt lat="48.46127" lon="-123.45423">
        <ele>25.1</ele>
      </trkpt>
      <trkpt lat="48.46132" lon="-123.45416">
        <ele>25.2</ele>
      </trkpt>
      <trkpt lat="48.46132" lon="-123.45416">
        <ele>25.2</ele>
      </trkpt>
      <trkpt lat="48.46132" lon="-123.45416">
        <ele>25.2</ele>
      </trkpt>
      <trkpt lat="48.46168" lon="-123.4537">
        <ele>26.1</ele>
      </trkpt>
      <trkpt lat="48.46179" lon="-123.45352">
        <ele>26.3</ele>
      </trkpt>
      <trkpt lat="48.46192" lon="-123.45315">
        <ele>26.3</ele>
      </trkpt>
      <trkpt lat="48.46204" lon="-123.45294">
        <ele>26.7</ele>
      </trkpt>
      <trkpt lat="48.46218" lon="-123.45271">
        <ele>27.2</ele>
      </trkpt>
      <trkpt lat="48.46225" lon="-123.45263">
        <ele>27.4</ele>
      </trkpt>
      <trkpt lat="48.46242" lon="-123.45253">
        <ele>27.9</ele>
      </trkpt>
      <trkpt lat="48.46252" lon="-123.45245">
        <ele>28.3</ele>
      </trkpt>
      <trkpt lat="48.46277" lon="-123.45191">
        <ele>28.9</ele>
      </trkpt>
      <trkpt lat="48.46292" lon="-123.45154">
        <ele>29.1</ele>
      </trkpt>
      <trkpt lat="48.46311" lon="-123.45096">
        <ele>29.4</ele>
      </trkpt>
      <trkpt lat="48.46329" lon="-123.4503">
        <ele>30.7</ele>
      </trkpt>
      <trkpt lat="48.46341" lon="-123.44953">
        <ele>32.1</ele>
      </trkpt>
      <trkpt lat="48.46346" lon="-123.44939">
        <ele>32.5</ele>
      </trkpt>
      <trkpt lat="48.4637" lon="-123.44899">
        <ele>34.2</ele>
      </trkpt>
      <trkpt lat="48.46385" lon="-123.44879">
        <ele>35.2</ele>
      </trkpt>
      <trkpt lat="48.46417" lon="-123.44841">
        <ele>37.2</ele>
      </trkpt>
      <trkpt lat="48.46434" lon="-123.44814">
        <ele>38.3</ele>
      </trkpt>
      <trkpt lat="48.46438" lon="-123.44803">
        <ele>38.7</ele>
      </trkpt>
      <trkpt lat="48.46455" lon="-123.44732">
        <ele>39.5</ele>
      </trkpt>
      <trkpt lat="48.46466" lon="-123.44664">
        <ele>39.1</ele>
      </trkpt>
      <trkpt lat="48.46474" lon="-123.44642">
        <ele>39.4</ele>
      </trkpt>
      <trkpt lat="48.46483" lon="-123.44632">
        <ele>39.7</ele>
      </trkpt>
      <trkpt lat="48.46478" lon="-123.44617">
        <ele>39.5</ele>
      </trkpt>
      <trkpt lat="48.46527" lon="-123.44557">
        <ele>40.7</ele>
      </trkpt>
      <trkpt lat="48.46527" lon="-123.44557">
        <ele>40.7</ele>
      </trkpt>
      <trkpt lat="48.46568" lon="-123.44505">
        <ele>41.6</ele>
      </trkpt>
      <trkpt lat="48.46609" lon="-123.44453">
        <ele>41.8</ele>
      </trkpt>
      <trkpt lat="48.4663" lon="-123.44434">
        <ele>42.2</ele>
      </trkpt>
      <trkpt lat="48.46644" lon="-123.44425">
        <ele>42.5</ele>
      </trkpt>
      <trkpt lat="48.46684" lon="-123.44406">
        <ele>43.8</ele>
      </trkpt>
      <trkpt lat="48.46752" lon="-123.44385">
        <ele>45.9</ele>
      </trkpt>
      <trkpt lat="48.46819" lon="-123.44365">
        <ele>47.6</ele>
      </trkpt>
      <trkpt lat="48.46852" lon="-123.44353">
        <ele>48.4</ele>
      </trkpt>
      <trkpt lat="48.46877" lon="-123.4434">
        <ele>49.0</ele>
      </trkpt>
      <trkpt lat="48.46913" lon="-123.44307">
        <ele>49.4</ele>
      </trkpt>
      <trkpt lat="48.46943" lon="-123.44273">
        <ele>49.4</ele>
      </trkpt>
      <trkpt lat="48.46988" lon="-123.4423">
        <ele>49.3</ele>
      </trkpt>
      <trkpt lat="48.47032" lon="-123.44187">
        <ele>49.4</ele>
      </trkpt>
      <trkpt lat="48.47058" lon="-123.44168">
        <ele>49.6</ele>
      </trkpt>
      <trkpt lat="48.47079" lon="-123.44145">
        <ele>49.8</ele>
      </trkpt>
      <trkpt lat="48.4712" lon="-123.44089">
        <ele>50.2</ele>
      </trkpt>
      <trkpt lat="48.47165" lon="-123.4401">
        <ele>50.2</ele>
      </trkpt>
      <trkpt lat="48.47211" lon="-123.4393">
        <ele>50.7</ele>
      </trkpt>
      <trkpt lat="48.47257" lon="-123.43851">
        <ele>51.3</ele>
      </trkpt>
      <trkpt lat="48.47275" lon="-123.43816">
        <ele>51.6</ele>
      </trkpt>
      <trkpt lat="48.47293" lon="-123.43791">
        <ele>51.9</ele>
      </trkpt>
      <trkpt lat="48.47334" lon="-123.43766">
        <ele>52.3</ele>
      </trkpt>
      <trkpt lat="48.47354" lon="-123.43747">
        <ele>52.5</ele>
      </trkpt>
      <trkpt lat="48.47367" lon="-123.43773">
        <ele>52.6</ele>
      </trkpt>
      <trkpt lat="48.47446" lon="-123.4381">
        <ele>53.1</ele>
      </trkpt>
      <trkpt lat="48.47525" lon="-123.43847">
        <ele>53.5</ele>
      </trkpt>
      <trkpt lat="48.47605" lon="-123.43884">
        <ele>54.9</ele>
      </trkpt>
      <trkpt lat="48.47686" lon="-123.43929">
        <ele>57.1</ele>
      </trkpt>
      <trkpt lat="48.47756" lon="-123.43954">
        <ele>58.8</ele>
      </trkpt>
      <trkpt lat="48.47756" lon="-123.43954">
        <ele>58.8</ele>
      </trkpt>
      <trkpt lat="48.47789" lon="-123.43965">
        <ele>59.5</ele>
      </trkpt>
      <trkpt lat="48.47836" lon="-123.43988">
        <ele>60.5</ele>
      </trkpt>
      <trkpt lat="48.47889" lon="-123.44016">
        <ele>61.3</ele>
      </trkpt>
      <trkpt lat="48.47942" lon="-123.44045">
        <ele>61.7</ele>
      </trkpt>
      <trkpt lat="48.4798" lon="-123.44083">
        <ele>62.0</ele>
      </trkpt>
      <trkpt lat="48.48028" lon="-123.44111">
        <ele>62.1</ele>
      </trkpt>
      <trkpt lat="48.48054" lon="-123.44116">
        <ele>62.1</ele>
      </trkpt>
      <trkpt lat="48.48071" lon="-123.44111">
        <ele>62.1</ele>
      </trkpt>
      <trkpt lat="48.48142" lon="-123.44045">
        <ele>62.1</ele>
      </trkpt>
      <trkpt lat="48.48158" lon="-123.44042">
        <ele>62.1</ele>
      </trkpt>
      <trkpt lat="48.48191" lon="-123.44073">
        <ele>62.1</ele>
      </trkpt>
      <trkpt lat="48.48225" lon="-123.44088">
        <ele>62.1</ele>
      </trkpt>
      <trkpt lat="48.48285" lon="-123.44073">
        <ele>62.1</ele>
      </trkpt>
      <trkpt lat="48.48315" lon="-123.44051">
        <ele>62.1</ele>
      </trkpt>
      <trkpt lat="48.48334" lon="-123.44051">
        <ele>62.1</ele>
      </trkpt>
      <trkpt lat="48.48342" lon="-123.44062">
        <ele>62.1</ele>
      </trkpt>
      <trkpt lat="48.48354" lon="-123.44112">
        <ele>62.1</ele>
      </trkpt>
      <trkpt lat="48.48363" lon="-123.44203">
        <ele>62.1</ele>
      </trkpt>
      <trkpt lat="48.48373" lon="-123.44294">
        <ele>62.1</ele>
      </trkpt>
      <trkpt lat="48.48371" lon="-123.44351">
        <ele>62.1</ele>
      </trkpt>
      <trkpt lat="48.48365" lon="-123.44382">
        <ele>62.1</ele>
      </trkpt>
      <trkpt lat="48.48365" lon="-123.44399">
        <ele>62.1</ele>
      </trkpt>
      <trkpt lat="48.48368" lon="-123.44414">
        <ele>62.1</ele>
      </trkpt>
      <trkpt lat="48.48389" lon="-123.44465">
        <ele>62.1</ele>
      </trkpt>
      <trkpt lat="48.48402" lon="-123.44491">
        <ele>62.1</ele>
      </trkpt>
      <trkpt lat="48.48416" lon="-123.44508">
        <ele>62.1</ele>
      </trkpt>
      <trkpt lat="48.4843" lon="-123.44522">
        <ele>62.1</ele>
      </trkpt>
      <trkpt lat="48.484504" lon="-123.445376">
        <ele>62.1</ele>
      </trkpt>
      <trkpt lat="48.48472" lon="-123.44554">
        <ele>62.1</ele>
      </trkpt>
      <trkpt lat="48.48551" lon="-123.44605">
        <ele>62.1</ele>
      </trkpt>
      <trkpt lat="48.48582" lon="-123.44621">
        <ele>62.1</ele>
      </trkpt>
      <trkpt lat="48.48632" lon="-123.44642">
        <ele>62.1</ele>
      </trkpt>
      <trkpt lat="48.48652" lon="-123.44647">
        <ele>62.1</ele>
      </trkpt>
      <trkpt lat="48.48703" lon="-123.44649">
        <ele>62.1</ele>
      </trkpt>
      <trkpt lat="48.48727" lon="-123.44655">
        <ele>62.1</ele>
      </trkpt>
      <trkpt lat="48.48757" lon="-123.44674">
        <ele>62.1</ele>
      </trkpt>
      <trkpt lat="48.48818" lon="-123.44719">
        <ele>62.1</ele>
      </trkpt>
      <trkpt lat="48.48825" lon="-123.44722">
        <ele>62.1</ele>
      </trkpt>
      <trkpt lat="48.48863" lon="-123.44727">
        <ele>62.1</ele>
      </trkpt>
      <trkpt lat="48.4889" lon="-123.44741">
        <ele>62.1</ele>
      </trkpt>
      <trkpt lat="48.48896" lon="-123.44749">
        <ele>62.1</ele>
      </trkpt>
      <trkpt lat="48.48904" lon="-123.44777">
        <ele>62.1</ele>
      </trkpt>
      <trkpt lat="48.48911" lon="-123.44839">
        <ele>62.1</ele>
      </trkpt>
      <trkpt lat="48.48917" lon="-123.44859">
        <ele>62.1</ele>
      </trkpt>
      <trkpt lat="48.48928" lon="-123.44881">
        <ele>62.1</ele>
      </trkpt>
      <trkpt lat="48.4894" lon="-123.44898">
        <ele>62.1</ele>
      </trkpt>
      <trkpt lat="48.4895" lon="-123.44911">
        <ele>62.1</ele>
      </trkpt>
      <trkpt lat="48.48964" lon="-123.44922">
        <ele>62.1</ele>
      </trkpt>
      <trkpt lat="48.48968" lon="-123.44929">
        <ele>62.1</ele>
      </trkpt>
      <trkpt lat="48.48972" lon="-123.44941">
        <ele>62.1</ele>
      </trkpt>
      <trkpt lat="48.48976" lon="-123.44958">
        <ele>62.1</ele>
      </trkpt>
      <trkpt lat="48.48981" lon="-123.45005">
        <ele>62.1</ele>
      </trkpt>
      <trkpt lat="48.48984" lon="-123.45016">
        <ele>62.1</ele>
      </trkpt>
      <trkpt lat="48.4899" lon="-123.4503">
        <ele>62.1</ele>
      </trkpt>
      <trkpt lat="48.49025" lon="-123.45091">
        <ele>62.1</ele>
      </trkpt>
      <trkpt lat="48.49032" lon="-123.45109">
        <ele>62.1</ele>
      </trkpt>
      <trkpt lat="48.49034" lon="-123.45126">
        <ele>62.1</ele>
      </trkpt>
      <trkpt lat="48.49027" lon="-123.45217">
        <ele>62.1</ele>
      </trkpt>
      <trkpt lat="48.49029" lon="-123.45237">
        <ele>62.1</ele>
      </trkpt>
      <trkpt lat="48.49038" lon="-123.45253">
        <ele>62.2</ele>
      </trkpt>
      <trkpt lat="48.49049" lon="-123.45262">
        <ele>62.2</ele>
      </trkpt>
      <trkpt lat="48.49064" lon="-123.45264">
        <ele>62.3</ele>
      </trkpt>
      <trkpt lat="48.491" lon="-123.45258">
        <ele>62.5</ele>
      </trkpt>
      <trkpt lat="48.49114" lon="-123.45263">
        <ele>62.7</ele>
      </trkpt>
      <trkpt lat="48.49128" lon="-123.45278">
        <ele>63.1</ele>
      </trkpt>
      <trkpt lat="48.49151" lon="-123.45318">
        <ele>63.8</ele>
      </trkpt>
      <trkpt lat="48.49161" lon="-123.45347">
        <ele>64.1</ele>
      </trkpt>
      <trkpt lat="48.49171" lon="-123.45406">
        <ele>64.3</ele>
      </trkpt>
      <trkpt lat="48.49175" lon="-123.45416">
        <ele>64.4</ele>
      </trkpt>
      <trkpt lat="48.49182" lon="-123.45425">
        <ele>64.5</ele>
      </trkpt>
      <trkpt lat="48.49191" lon="-123.45432">
        <ele>64.7</ele>
      </trkpt>
      <trkpt lat="48.49216" lon="-123.45438">
        <ele>65.0</ele>
      </trkpt>
      <trkpt lat="48.49234" lon="-123.45449">
        <ele>65.3</ele>
      </trkpt>
      <trkpt lat="48.49246" lon="-123.4546">
        <ele>65.5</ele>
      </trkpt>
      <trkpt lat="48.49267" lon="-123.45493">
        <ele>66.3</ele>
      </trkpt>
      <trkpt lat="48.49295" lon="-123.45513">
        <ele>67.0</ele>
      </trkpt>
      <trkpt lat="48.49301" lon="-123.45523">
        <ele>67.3</ele>
      </trkpt>
      <trkpt lat="48.49312" lon="-123.45557">
        <ele>68.3</ele>
      </trkpt>
      <trkpt lat="48.49338" lon="-123.45603">
        <ele>69.5</ele>
      </trkpt>
      <trkpt lat="48.49344" lon="-123.45623">
        <ele>70.1</ele>
      </trkpt>
      <trkpt lat="48.4935" lon="-123.45658">
        <ele>71.0</ele>
      </trkpt>
      <trkpt lat="48.49351" lon="-123.45719">
        <ele>72.7</ele>
      </trkpt>
      <trkpt lat="48.49353" lon="-123.45733">
        <ele>73.1</ele>
      </trkpt>
      <trkpt lat="48.49369" lon="-123.45782">
        <ele>74.9</ele>
      </trkpt>
      <trkpt lat="48.49373" lon="-123.45804">
        <ele>75.7</ele>
      </trkpt>
      <trkpt lat="48.49384" lon="-123.45923">
        <ele>80.5</ele>
      </trkpt>
      <trkpt lat="48.49431" lon="-123.46003">
        <ele>86.6</ele>
      </trkpt>
      <trkpt lat="48.49438" lon="-123.46024">
        <ele>87.7</ele>
      </trkpt>
      <trkpt lat="48.4944" lon="-123.46057">
        <ele>88.4</ele>
      </trkpt>
      <trkpt lat="48.49434" lon="-123.461">
        <ele>87.8</ele>
      </trkpt>
      <trkpt lat="48.49436" lon="-123.46137">
        <ele>87.2</ele>
      </trkpt>
      <trkpt lat="48.49442" lon="-123.46167">
        <ele>86.9</ele>
      </trkpt>
      <trkpt lat="48.4946" lon="-123.4622">
        <ele>87.0</ele>
      </trkpt>
      <trkpt lat="48.49464" lon="-123.4624">
        <ele>86.9</ele>
      </trkpt>
      <trkpt lat="48.49466" lon="-123.46278">
        <ele>86.0</ele>
      </trkpt>
      <trkpt lat="48.49471" lon="-123.46317">
        <ele>85.1</ele>
      </trkpt>
      <trkpt lat="48.49479" lon="-123.46341">
        <ele>84.9</ele>
      </trkpt>
      <trkpt lat="48.49493" lon="-123.46366">
        <ele>85.0</ele>
      </trkpt>
      <trkpt lat="48.49512" lon="-123.46385">
        <ele>85.7</ele>
      </trkpt>
      <trkpt lat="48.49512" lon="-123.46385">
        <ele>85.7</ele>
      </trkpt>
      <trkpt lat="48.49516" lon="-123.46389">
        <ele>85.8</ele>
      </trkpt>
      <trkpt lat="48.49528" lon="-123.46394">
        <ele>86.5</ele>
      </trkpt>
      <trkpt lat="48.49546" lon="-123.46393">
        <ele>87.8</ele>
      </trkpt>
      <trkpt lat="48.49563" lon="-123.46386">
        <ele>89.3</ele>
      </trkpt>
      <trkpt lat="48.49589" lon="-123.46363">
        <ele>92.1</ele>
      </trkpt>
      <trkpt lat="48.49603" lon="-123.46358">
        <ele>93.4</ele>
      </trkpt>
      <trkpt lat="48.4963" lon="-123.46363">
        <ele>95.4</ele>
      </trkpt>
      <trkpt lat="48.49657" lon="-123.46373">
        <ele>97.1</ele>
      </trkpt>
      <trkpt lat="48.49694" lon="-123.46375">
        <ele>100.0</ele>
      </trkpt>
      <trkpt lat="48.49709" lon="-123.46386">
        <ele>100.7</ele>
      </trkpt>
      <trkpt lat="48.4972" lon="-123.46399">
        <ele>101.0</ele>
      </trkpt>
      <trkpt lat="48.4974" lon="-123.46452">
        <ele>100.6</ele>
      </trkpt>
      <trkpt lat="48.49787" lon="-123.4651">
        <ele>102.1</ele>
      </trkpt>
      <trkpt lat="48.49803" lon="-123.46522">
        <ele>102.7</ele>
      </trkpt>
      <trkpt lat="48.49817" lon="-123.46527">
        <ele>103.5</ele>
      </trkpt>
      <trkpt lat="48.4983" lon="-123.46528">
        <ele>104.4</ele>
      </trkpt>
      <trkpt lat="48.4986" lon="-123.46516">
        <ele>106.8</ele>
      </trkpt>
      <trkpt lat="48.49882" lon="-123.46514">
        <ele>108.1</ele>
      </trkpt>
      <trkpt lat="48.49947" lon="-123.46495">
        <ele>111.7</ele>
      </trkpt>
      <trkpt lat="48.50003" lon="-123.46488">
        <ele>113.9</ele>
      </trkpt>
      <trkpt lat="48.50017" lon="-123.46474">
        <ele>114.7</ele>
      </trkpt>
      <trkpt lat="48.50031" lon="-123.46442">
        <ele>115.8</ele>
      </trkpt>
      <trkpt lat="48.50042" lon="-123.46428">
        <ele>116.3</ele>
      </trkpt>
      <trkpt lat="48.50058" lon="-123.46417">
        <ele>116.7</ele>
      </trkpt>
      <trkpt lat="48.50092" lon="-123.46414">
        <ele>117.2</ele>
      </trkpt>
      <trkpt lat="48.50141" lon="-123.46397">
        <ele>117.9</ele>
      </trkpt>
      <trkpt lat="48.50173" lon="-123.46391">
        <ele>118.3</ele>
      </trkpt>
      <trkpt lat="48.50179" lon="-123.46396">
        <ele>118.4</ele>
      </trkpt>
      <trkpt lat="48.50187" lon="-123.46408">
        <ele>118.4</ele>
      </trkpt>
      <trkpt lat="48.50195" lon="-123.46439">
        <ele>118.3</ele>
      </trkpt>
      <trkpt lat="48.50197" lon="-123.4647">
        <ele>118.1</ele>
      </trkpt>
      <trkpt lat="48.50194" lon="-123.46504">
        <ele>117.9</ele>
      </trkpt>
      <trkpt lat="48.50176" lon="-123.46564">
        <ele>117.4</ele>
      </trkpt>
      <trkpt lat="48.50136" lon="-123.46653">
        <ele>116.4</ele>
      </trkpt>
      <trkpt lat="48.50105" lon="-123.46736">
        <ele>114.6</ele>
      </trkpt>
      <trkpt lat="48.50096" lon="-123.4677">
        <ele>113.6</ele>
      </trkpt>
      <trkpt lat="48.50083" lon="-123.46878">
        <ele>112.2</ele>
      </trkpt>
      <trkpt lat="48.500764" lon="-123.469334">
        <ele>113.5</ele>
      </trkpt>
      <trkpt lat="48.5007" lon="-123.46987">
        <ele>115.0</ele>
      </trkpt>
      <trkpt lat="48.50079" lon="-123.47082">
        <ele>117.8</ele>
      </trkpt>
      <trkpt lat="48.500792" lon="-123.470859">
        <ele>117.9</ele>
      </trkpt>
      <trkpt lat="48.50082" lon="-123.47144">
        <ele>118.6</ele>
      </trkpt>
      <trkpt lat="48.5008" lon="-123.4719">
        <ele>119.0</ele>
      </trkpt>
      <trkpt lat="48.50067" lon="-123.47268">
        <ele>119.3</ele>
      </trkpt>
      <trkpt lat="48.50053" lon="-123.47346">
        <ele>119.6</ele>
      </trkpt>
      <trkpt lat="48.50041" lon="-123.47397">
        <ele>120.2</ele>
      </trkpt>
      <trkpt lat="48.50026" lon="-123.47437">
        <ele>120.2</ele>
      </trkpt>
      <trkpt lat="48.49984" lon="-123.47524">
        <ele>118.5</ele>
      </trkpt>
      <trkpt lat="48.49969" lon="-123.47567">
        <ele>118.1</ele>
      </trkpt>
      <trkpt lat="48.4996" lon="-123.47614">
        <ele>117.9</ele>
      </trkpt>
      <trkpt lat="48.49957" lon="-123.47689">
        <ele>117.8</ele>
      </trkpt>
      <trkpt lat="48.49966" lon="-123.47746">
        <ele>118.3</ele>
      </trkpt>
      <trkpt lat="48.49977" lon="-123.47766">
        <ele>118.8</ele>
      </trkpt>
      <trkpt lat="48.49988" lon="-123.47782">
        <ele>119.2</ele>
      </trkpt>
      <trkpt lat="48.5" lon="-123.47787">
        <ele>119.7</ele>
      </trkpt>
      <trkpt lat="48.5002" lon="-123.47787">
        <ele>120.6</ele>
      </trkpt>
      <trkpt lat="48.50071" lon="-123.47796">
        <ele>123.6</ele>
      </trkpt>
      <trkpt lat="48.5012" lon="-123.47833">
        <ele>127.6</ele>
      </trkpt>
      <trkpt lat="48.50136" lon="-123.47841">
        <ele>129.3</ele>
      </trkpt>
      <trkpt lat="48.5018" lon="-123.47843">
        <ele>137.7</ele>
      </trkpt>
      <trkpt lat="48.50243" lon="-123.47865">
        <ele>153.1</ele>
      </trkpt>
      <trkpt lat="48.50305" lon="-123.47887">
        <ele>167.4</ele>
      </trkpt>
      <trkpt lat="48.50379" lon="-123.4791">
        <ele>178.4</ele>
      </trkpt>
      <trkpt lat="48.50443" lon="-123.47951">
        <ele>184.3</ele>
      </trkpt>
      <trkpt lat="48.50497" lon="-123.47971">
        <ele>188.2</ele>
      </trkpt>
      <trkpt lat="48.50554" lon="-123.47969">
        <ele>185.6</ele>
      </trkpt>
      <trkpt lat="48.50612" lon="-123.47967">
        <ele>182.8</ele>
      </trkpt>
      <trkpt lat="48.50632" lon="-123.47957">
        <ele>182.2</ele>
      </trkpt>
      <trkpt lat="48.50653" lon="-123.47941">
        <ele>182.9</ele>
      </trkpt>
      <trkpt lat="48.50673" lon="-123.4792">
        <ele>183.1</ele>
      </trkpt>
      <trkpt lat="48.50732" lon="-123.47837">
        <ele>183.9</ele>
      </trkpt>
      <trkpt lat="48.50792" lon="-123.47754">
        <ele>184.1</ele>
      </trkpt>
      <trkpt lat="48.50811" lon="-123.4774">
        <ele>184.1</ele>
      </trkpt>
      <trkpt lat="48.50829" lon="-123.47733">
        <ele>184.1</ele>
      </trkpt>
      <trkpt lat="48.50847" lon="-123.47732">
        <ele>184.1</ele>
      </trkpt>
      <trkpt lat="48.50865" lon="-123.47738">
        <ele>184.1</ele>
      </trkpt>
      <trkpt lat="48.50885" lon="-123.47753">
        <ele>184.1</ele>
      </trkpt>
      <trkpt lat="48.50902" lon="-123.47774">
        <ele>184.1</ele>
      </trkpt>
      <trkpt lat="48.50916" lon="-123.47807">
        <ele>184.1</ele>
      </trkpt>
      <trkpt lat="48.50929" lon="-123.4783">
        <ele>184.1</ele>
      </trkpt>
      <trkpt lat="48.50942" lon="-123.47845">
        <ele>184.4</ele>
      </trkpt>
      <trkpt lat="48.50954" lon="-123.47852">
        <ele>184.4</ele>
      </trkpt>
      <trkpt lat="48.51025" lon="-123.47874">
        <ele>183.9</ele>
      </trkpt>
      <trkpt lat="48.51037" lon="-123.47876">
        <ele>183.8</ele>
      </trkpt>
      <trkpt lat="48.51037" lon="-123.47876">
        <ele>183.8</ele>
      </trkpt>
      <trkpt lat="48.51117" lon="-123.47873">
        <ele>186.1</ele>
      </trkpt>
      <trkpt lat="48.51135" lon="-123.47875">
        <ele>187.3</ele>
      </trkpt>
      <trkpt lat="48.51145" lon="-123.47882">
        <ele>188.2</ele>
      </trkpt>
      <trkpt lat="48.51177" lon="-123.47923">
        <ele>193.2</ele>
      </trkpt>
      <trkpt lat="48.51198" lon="-123.47932">
        <ele>195.5</ele>
      </trkpt>
      <trkpt lat="48.51226" lon="-123.47936">
        <ele>197.6</ele>
      </trkpt>
      <trkpt lat="48.51254" lon="-123.47933">
        <ele>199.1</ele>
      </trkpt>
      <trkpt lat="48.51275" lon="-123.47926">
        <ele>199.8</ele>
      </trkpt>
      <trkpt lat="48.51339" lon="-123.47888">
        <ele>201.6</ele>
      </trkpt>
      <trkpt lat="48.5136" lon="-123.47881">
        <ele>202.5</ele>
      </trkpt>
      <trkpt lat="48.51409" lon="-123.47891">
        <ele>205.8</ele>
      </trkpt>
      <trkpt lat="48.51459" lon="-123.479">
        <ele>209.2</ele>
      </trkpt>
      <trkpt lat="48.51508" lon="-123.47918">
        <ele>212.8</ele>
      </trkpt>
      <trkpt lat="48.51557" lon="-123.47936">
        <ele>216.2</ele>
      </trkpt>
      <trkpt lat="48.51602" lon="-123.4799">
        <ele>220.2</ele>
      </trkpt>
      <trkpt lat="48.51648" lon="-123.48043">
        <ele>224.2</ele>
      </trkpt>
      <trkpt lat="48.51663" lon="-123.48066">
        <ele>225.7</ele>
      </trkpt>
      <trkpt lat="48.51676" lon="-123.4808">
        <ele>226.6</ele>
      </trkpt>
      <trkpt lat="48.51735" lon="-123.48108">
        <ele>229.7</ele>
      </trkpt>
      <trkpt lat="48.51763" lon="-123.48136">
        <ele>231.0</ele>
      </trkpt>
      <trkpt lat="48.51791" lon="-123.48177">
        <ele>232.4</ele>
      </trkpt>
      <trkpt lat="48.51803" lon="-123.48203">
        <ele>232.9</ele>
      </trkpt>
      <trkpt lat="48.51807" lon="-123.48225">
        <ele>233.2</ele>
      </trkpt>
      <trkpt lat="48.51805" lon="-123.4825">
        <ele>233.3</ele>
      </trkpt>
      <trkpt lat="48.51791" lon="-123.48276">
        <ele>233.0</ele>
      </trkpt>
      <trkpt lat="48.51747" lon="-123.48338">
        <ele>232.2</ele>
      </trkpt>
      <trkpt lat="48.51703" lon="-123.48399">
        <ele>231.6</ele>
      </trkpt>
      <trkpt lat="48.51695" lon="-123.48417">
        <ele>231.8</ele>
      </trkpt>
      <trkpt lat="48.51694" lon="-123.48441">
        <ele>232.3</ele>
      </trkpt>
      <trkpt lat="48.51703" lon="-123.48493">
        <ele>233.8</ele>
      </trkpt>
      <trkpt lat="48.51706" lon="-123.4858">
        <ele>236.0</ele>
      </trkpt>
      <trkpt lat="48.51692" lon="-123.48626">
        <ele>237.0</ele>
      </trkpt>
      <trkpt lat="48.51698" lon="-123.48725">
        <ele>239.9</ele>
      </trkpt>
      <trkpt lat="48.51704" lon="-123.48825">
        <ele>241.9</ele>
      </trkpt>
      <trkpt lat="48.51705" lon="-123.48887">
        <ele>243.4</ele>
      </trkpt>
      <trkpt lat="48.51709" lon="-123.48914">
        <ele>244.0</ele>
      </trkpt>
      <trkpt lat="48.51711" lon="-123.48921">
        <ele>244.2</ele>
      </trkpt>
      <trkpt lat="48.51726" lon="-123.48949">
        <ele>244.6</ele>
      </trkpt>
      <trkpt lat="48.5173" lon="-123.48965">
        <ele>244.8</ele>
      </trkpt>
      <trkpt lat="48.51731" lon="-123.4898">
        <ele>245.0</ele>
      </trkpt>
      <trkpt lat="48.51724" lon="-123.48998">
        <ele>245.1</ele>
      </trkpt>
      <trkpt lat="48.51711" lon="-123.4902">
        <ele>245.1</ele>
      </trkpt>
      <trkpt lat="48.51688" lon="-123.49074">
        <ele>245.2</ele>
      </trkpt>
      <trkpt lat="48.51662" lon="-123.49158">
        <ele>245.1</ele>
      </trkpt>
      <trkpt lat="48.51656" lon="-123.49183">
        <ele>245.1</ele>
      </trkpt>
      <trkpt lat="48.51656" lon="-123.49206">
        <ele>245.2</ele>
      </trkpt>
      <trkpt lat="48.51663" lon="-123.49231">
        <ele>245.2</ele>
      </trkpt>
      <trkpt lat="48.51693" lon="-123.49289">
        <ele>245.1</ele>
      </trkpt>
      <trkpt lat="48.51697" lon="-123.49303">
        <ele>245.1</ele>
      </trkpt>
      <trkpt lat="48.51697" lon="-123.49348">
        <ele>245.1</ele>
      </trkpt>
      <trkpt lat="48.516963" lon="-123.493517">
        <ele>245.1</ele>
      </trkpt>
      <trkpt lat="48.51689" lon="-123.49391">
        <ele>245.1</ele>
      </trkpt>
      <trkpt lat="48.51674" lon="-123.49422">
        <ele>245.1</ele>
      </trkpt>
      <trkpt lat="48.51641" lon="-123.49467">
        <ele>245.1</ele>
      </trkpt>
      <trkpt lat="48.51631" lon="-123.49496">
        <ele>245.1</ele>
      </trkpt>
      <trkpt lat="48.51623" lon="-123.49578">
        <ele>245.2</ele>
      </trkpt>
      <trkpt lat="48.51607" lon="-123.49642">
        <ele>245.3</ele>
      </trkpt>
      <trkpt lat="48.51606" lon="-123.49669">
        <ele>245.1</ele>
      </trkpt>
      <trkpt lat="48.5161" lon="-123.49703">
        <ele>244.3</ele>
      </trkpt>
      <trkpt lat="48.51608" lon="-123.49727">
        <ele>243.1</ele>
      </trkpt>
      <trkpt lat="48.516" lon="-123.49746">
        <ele>241.8</ele>
      </trkpt>
      <trkpt lat="48.51585" lon="-123.49755">
        <ele>240.9</ele>
      </trkpt>
      <trkpt lat="48.51526" lon="-123.49768">
        <ele>238.8</ele>
      </trkpt>
      <trkpt lat="48.51512" lon="-123.49774">
        <ele>237.8</ele>
      </trkpt>
      <trkpt lat="48.51505" lon="-123.49789">
        <ele>236.0</ele>
      </trkpt>
      <trkpt lat="48.51501" lon="-123.49802">
        <ele>234.4</ele>
      </trkpt>
      <trkpt lat="48.51503" lon="-123.4982">
        <ele>232.4</ele>
      </trkpt>
      <trkpt lat="48.51509" lon="-123.49836">
        <ele>230.7</ele>
      </trkpt>
      <trkpt lat="48.51514" lon="-123.4986">
        <ele>227.8</ele>
      </trkpt>
      <trkpt lat="48.51512" lon="-123.49888">
        <ele>224.4</ele>
      </trkpt>
      <trkpt lat="48.51504" lon="-123.49907">
        <ele>222.0</ele>
      </trkpt>
      <trkpt lat="48.51482" lon="-123.49919">
        <ele>220.2</ele>
      </trkpt>
      <trkpt lat="48.51431" lon="-123.49929">
        <ele>217.8</ele>
      </trkpt>
      <trkpt lat="48.51407" lon="-123.49945">
        <ele>215.4</ele>
      </trkpt>
      <trkpt lat="48.51351" lon="-123.50006">
        <ele>208.2</ele>
      </trkpt>
      <trkpt lat="48.51351" lon="-123.50006">
        <ele>208.2</ele>
      </trkpt>
      <trkpt lat="48.51333" lon="-123.50026">
        <ele>206.4</ele>
      </trkpt>
      <trkpt lat="48.51281" lon="-123.50064">
        <ele>203.6</ele>
      </trkpt>
      <trkpt lat="48.51202" lon="-123.50113">
        <ele>200.2</ele>
      </trkpt>
      <trkpt lat="48.51148" lon="-123.50155">
        <ele>195.4</ele>
      </trkpt>
      <trkpt lat="48.51117" lon="-123.50188">
        <ele>191.0</ele>
      </trkpt>
      <trkpt lat="48.51086" lon="-123.50229">
        <ele>186.4</ele>
      </trkpt>
      <trkpt lat="48.51054" lon="-123.5029">
        <ele>184.0</ele>
      </trkpt>
      <trkpt lat="48.5103" lon="-123.50326">
        <ele>184.0</ele>
      </trkpt>
      <trkpt lat="48.50979" lon="-123.50372">
        <ele>183.7</ele>
      </trkpt>
      <trkpt lat="48.50965" lon="-123.5039">
        <ele>183.5</ele>
      </trkpt>
      <trkpt lat="48.50924" lon="-123.5045">
        <ele>183.1</ele>
      </trkpt>
      <trkpt lat="48.50887" lon="-123.50511">
        <ele>183.2</ele>
      </trkpt>
      <trkpt lat="48.50851" lon="-123.50572">
        <ele>183.1</ele>
      </trkpt>
      <trkpt lat="48.50823" lon="-123.50604">
        <ele>182.9</ele>
      </trkpt>
      <trkpt lat="48.50801" lon="-123.50626">
        <ele>182.7</ele>
      </trkpt>
      <trkpt lat="48.50774" lon="-123.50703">
        <ele>182.1</ele>
      </trkpt>
      <trkpt lat="48.50785" lon="-123.50695">
        <ele>182.2</ele>
      </trkpt>
      <trkpt lat="48.50833" lon="-123.50686">
        <ele>182.2</ele>
      </trkpt>
      <trkpt lat="48.50838" lon="-123.50685">
        <ele>182.2</ele>
      </trkpt>
      <trkpt lat="48.50878" lon="-123.50678">
        <ele>182.2</ele>
      </trkpt>
      <trkpt lat="48.50914" lon="-123.50661">
        <ele>182.4</ele>
      </trkpt>
      <trkpt lat="48.50948" lon="-123.50648">
        <ele>182.7</ele>
      </trkpt>
      <trkpt lat="48.5097" lon="-123.50645">
        <ele>182.9</ele>
      </trkpt>
      <trkpt lat="48.50992" lon="-123.50645">
        <ele>183.0</ele>
      </trkpt>
      <trkpt lat="48.51005" lon="-123.50654">
        <ele>183.1</ele>
      </trkpt>
      <trkpt lat="48.51017" lon="-123.50669">
        <ele>183.1</ele>
      </trkpt>
      <trkpt lat="48.51031" lon="-123.50695">
        <ele>183.1</ele>
      </trkpt>
      <trkpt lat="48.51043" lon="-123.50704">
        <ele>183.2</ele>
      </trkpt>
      <trkpt lat="48.51052" lon="-123.50707">
        <ele>183.2</ele>
      </trkpt>
      <trkpt lat="48.51062" lon="-123.50705">
        <ele>183.2</ele>
      </trkpt>
      <trkpt lat="48.51082" lon="-123.50687">
        <ele>183.3</ele>
      </trkpt>
      <trkpt lat="48.5111" lon="-123.50672">
        <ele>183.5</ele>
      </trkpt>
      <trkpt lat="48.51139" lon="-123.50665">
        <ele>183.8</ele>
      </trkpt>
      <trkpt lat="48.51153" lon="-123.50659">
        <ele>184.0</ele>
      </trkpt>
      <trkpt lat="48.51173" lon="-123.50645">
        <ele>184.1</ele>
      </trkpt>
      <trkpt lat="48.51191" lon="-123.50624">
        <ele>184.1</ele>
      </trkpt>
      <trkpt lat="48.51202" lon="-123.50618">
        <ele>184.1</ele>
      </trkpt>
      <trkpt lat="48.51218" lon="-123.50614">
        <ele>184.1</ele>
      </trkpt>
      <trkpt lat="48.51234" lon="-123.50614">
        <ele>184.1</ele>
      </trkpt>
      <trkpt lat="48.5125" lon="-123.50619">
        <ele>184.1</ele>
      </trkpt>
      <trkpt lat="48.5128" lon="-123.50637">
        <ele>184.1</ele>
      </trkpt>
      <trkpt lat="48.51306" lon="-123.50667">
        <ele>184.1</ele>
      </trkpt>
      <trkpt lat="48.51306" lon="-123.50667">
        <ele>184.1</ele>
      </trkpt>
      <trkpt lat="48.51334" lon="-123.50698">
        <ele>184.1</ele>
      </trkpt>
      <trkpt lat="48.51387" lon="-123.50746">
        <ele>184.1</ele>
      </trkpt>
      <trkpt lat="48.51402" lon="-123.5075">
        <ele>184.1</ele>
      </trkpt>
      <trkpt lat="48.51412" lon="-123.50745">
        <ele>184.1</ele>
      </trkpt>
      <trkpt lat="48.51421" lon="-123.50733">
        <ele>184.1</ele>
      </trkpt>
      <trkpt lat="48.51426" lon="-123.50716">
        <ele>184.1</ele>
      </trkpt>
      <trkpt lat="48.51435" lon="-123.50677">
        <ele>184.1</ele>
      </trkpt>
      <trkpt lat="48.51444" lon="-123.50665">
        <ele>184.1</ele>
      </trkpt>
      <trkpt lat="48.51461" lon="-123.50651">
        <ele>184.1</ele>
      </trkpt>
      <trkpt lat="48.5147" lon="-123.50639">
        <ele>184.1</ele>
      </trkpt>
      <trkpt lat="48.51486" lon="-123.50594">
        <ele>184.1</ele>
      </trkpt>
      <trkpt lat="48.51497" lon="-123.5058">
        <ele>184.1</ele>
      </trkpt>
      <trkpt lat="48.51515" lon="-123.50568">
        <ele>184.1</ele>
      </trkpt>
      <trkpt lat="48.51521" lon="-123.50562">
        <ele>184.1</ele>
      </trkpt>
      <trkpt lat="48.51527" lon="-123.50546">
        <ele>184.1</ele>
      </trkpt>
      <trkpt lat="48.51533" lon="-123.50518">
        <ele>184.1</ele>
      </trkpt>
      <trkpt lat="48.51538" lon="-123.50504">
        <ele>184.1</ele>
      </trkpt>
      <trkpt lat="48.51547" lon="-123.50495">
        <ele>184.1</ele>
      </trkpt>
      <trkpt lat="48.51602" lon="-123.50469">
        <ele>184.1</ele>
      </trkpt>
      <trkpt lat="48.5162" lon="-123.50453">
        <ele>184.1</ele>
      </trkpt>
      <trkpt lat="48.51638" lon="-123.50443">
        <ele>184.1</ele>
      </trkpt>
      <trkpt lat="48.51655" lon="-123.50439">
        <ele>184.1</ele>
      </trkpt>
      <trkpt lat="48.51692" lon="-123.50434">
        <ele>184.4</ele>
      </trkpt>
      <trkpt lat="48.51714" lon="-123.50435">
        <ele>184.6</ele>
      </trkpt>
      <trkpt lat="48.51741" lon="-123.5044">
        <ele>184.7</ele>
      </trkpt>
      <trkpt lat="48.5177" lon="-123.50435">
        <ele>184.8</ele>
      </trkpt>
      <trkpt lat="48.51793" lon="-123.50419">
        <ele>184.6</ele>
      </trkpt>
      <trkpt lat="48.51815" lon="-123.50393">
        <ele>184.3</ele>
      </trkpt>
      <trkpt lat="48.51842" lon="-123.50333">
        <ele>184.1</ele>
      </trkpt>
      <trkpt lat="48.51856" lon="-123.5032">
        <ele>184.1</ele>
      </trkpt>
      <trkpt lat="48.51887" lon="-123.50309">
        <ele>184.1</ele>
      </trkpt>
      <trkpt lat="48.51914" lon="-123.5031">
        <ele>184.1</ele>
      </trkpt>
      <trkpt lat="48.51945" lon="-123.50318">
        <ele>184.1</ele>
      </trkpt>
      <trkpt lat="48.51998" lon="-123.5034">
        <ele>184.1</ele>
      </trkpt>
      <trkpt lat="48.52011" lon="-123.50342">
        <ele>184.1</ele>
      </trkpt>
      <trkpt lat="48.52024" lon="-123.5034">
        <ele>184.1</ele>
      </trkpt>
      <trkpt lat="48.52038" lon="-123.50331">
        <ele>184.1</ele>
      </trkpt>
      <trkpt lat="48.52058" lon="-123.50309">
        <ele>184.1</ele>
      </trkpt>
      <trkpt lat="48.52071" lon="-123.50307">
        <ele>184.1</ele>
      </trkpt>
      <trkpt lat="48.52091" lon="-123.5031">
        <ele>184.1</ele>
      </trkpt>
      <trkpt lat="48.52121" lon="-123.50303">
        <ele>184.1</ele>
      </trkpt>
      <trkpt lat="48.5213" lon="-123.50303">
        <ele>184.1</ele>
      </trkpt>
      <trkpt lat="48.52143" lon="-123.50309">
        <ele>184.1</ele>
      </trkpt>
      <trkpt lat="48.52156" lon="-123.50319">
        <ele>184.1</ele>
      </trkpt>
      <trkpt lat="48.52171" lon="-123.50336">
        <ele>184.1</ele>
      </trkpt>
      <trkpt lat="48.5218" lon="-123.50353">
        <ele>184.1</ele>
      </trkpt>
      <trkpt lat="48.52193" lon="-123.50373">
        <ele>184.1</ele>
      </trkpt>
      <trkpt lat="48.52214" lon="-123.5039">
        <ele>184.1</ele>
      </trkpt>
      <trkpt lat="48.5224" lon="-123.50405">
        <ele>184.1</ele>
      </trkpt>
      <trkpt lat="48.52307" lon="-123.50428">
        <ele>184.5</ele>
      </trkpt>
      <trkpt lat="48.52333" lon="-123.50447">
        <ele>185.0</ele>
      </trkpt>
      <trkpt lat="48.52349" lon="-123.50464">
        <ele>185.5</ele>
      </trkpt>
      <trkpt lat="48.52359" lon="-123.50484">
        <ele>186.1</ele>
      </trkpt>
      <trkpt lat="48.52363" lon="-123.50502">
        <ele>186.9</ele>
      </trkpt>
      <trkpt lat="48.52373" lon="-123.50525">
        <ele>187.6</ele>
      </trkpt>
      <trkpt lat="48.52388" lon="-123.50538">
        <ele>187.1</ele>
      </trkpt>
      <trkpt lat="48.52417" lon="-123.50559">
        <ele>186.0</ele>
      </trkpt>
      <trkpt lat="48.52437" lon="-123.50571">
        <ele>185.4</ele>
      </trkpt>
      <trkpt lat="48.52486" lon="-123.50582">
        <ele>183.9</ele>
      </trkpt>
      <trkpt lat="48.5252" lon="-123.50586">
        <ele>183.3</ele>
      </trkpt>
      <trkpt lat="48.52537" lon="-123.50585">
        <ele>183.3</ele>
      </trkpt>
      <trkpt lat="48.52548" lon="-123.50581">
        <ele>183.5</ele>
      </trkpt>
      <trkpt lat="48.52562" lon="-123.50567">
        <ele>184.0</ele>
      </trkpt>
      <trkpt lat="48.52577" lon="-123.50542">
        <ele>184.6</ele>
      </trkpt>
      <trkpt lat="48.52592" lon="-123.50512">
        <ele>185.4</ele>
      </trkpt>
      <trkpt lat="48.52604" lon="-123.50469">
        <ele>186.7</ele>
      </trkpt>
      <trkpt lat="48.52612" lon="-123.50452">
        <ele>187.6</ele>
      </trkpt>
      <trkpt lat="48.52626" lon="-123.50439">
        <ele>188.8</ele>
      </trkpt>
      <trkpt lat="48.5265" lon="-123.50432">
        <ele>191.0</ele>
      </trkpt>
      <trkpt lat="48.52687" lon="-123.50436">
        <ele>194.6</ele>
      </trkpt>
      <trkpt lat="48.52739" lon="-123.50445">
        <ele>200.6</ele>
      </trkpt>
      <trkpt lat="48.52778" lon="-123.50445">
        <ele>205.4</ele>
      </trkpt>
      <trkpt lat="48.52836" lon="-123.50437">
        <ele>211.6</ele>
      </trkpt>
      <trkpt lat="48.52852" lon="-123.50428">
        <ele>213.1</ele>
      </trkpt>
      <trkpt lat="48.5288" lon="-123.50419">
        <ele>215.2</ele>
      </trkpt>
      <trkpt lat="48.52902" lon="-123.5041">
        <ele>216.7</ele>
      </trkpt>
      <trkpt lat="48.52925" lon="-123.50405">
        <ele>218.1</ele>
      </trkpt>
      <trkpt lat="48.52937" lon="-123.50398">
        <ele>218.8</ele>
      </trkpt>
      <trkpt lat="48.52953" lon="-123.50386">
        <ele>219.9</ele>
      </trkpt>
      <trkpt lat="48.52966" lon="-123.5038">
        <ele>220.7</ele>
      </trkpt>
      <trkpt lat="48.53022" lon="-123.50379">
        <ele>223.5</ele>
      </trkpt>
      <trkpt lat="48.53041" lon="-123.50369">
        <ele>224.7</ele>
      </trkpt>
      <trkpt lat="48.53061" lon="-123.50353">
        <ele>226.0</ele>
      </trkpt>
      <trkpt lat="48.53083" lon="-123.50342">
        <ele>227.1</ele>
      </trkpt>
      <trkpt lat="48.53094" lon="-123.50332">
        <ele>227.8</ele>
      </trkpt>
      <trkpt lat="48.53113" lon="-123.50309">
        <ele>228.8</ele>
      </trkpt>
      <trkpt lat="48.53143" lon="-123.50281">
        <ele>230.2</ele>
      </trkpt>
      <trkpt lat="48.53156" lon="-123.50263">
        <ele>230.9</ele>
      </trkpt>
      <trkpt lat="48.53164" lon="-123.50256">
        <ele>231.3</ele>
      </trkpt>
      <trkpt lat="48.53171" lon="-123.50254">
        <ele>231.5</ele>
      </trkpt>
      <trkpt lat="48.53185" lon="-123.50257">
        <ele>232.0</ele>
      </trkpt>
      <trkpt lat="48.53208" lon="-123.50265">
        <ele>232.7</ele>
      </trkpt>
      <trkpt lat="48.53217" lon="-123.50264">
        <ele>233.1</ele>
      </trkpt>
      <trkpt lat="48.53226" lon="-123.50253">
        <ele>233.5</ele>
      </trkpt>
      <trkpt lat="48.53242" lon="-123.50209">
        <ele>234.6</ele>
      </trkpt>
      <trkpt lat="48.53247" lon="-123.50179">
        <ele>235.1</ele>
      </trkpt>
      <trkpt lat="48.53252" lon="-123.50159">
        <ele>235.5</ele>
      </trkpt>
      <trkpt lat="48.53259" lon="-123.50103">
        <ele>236.4</ele>
      </trkpt>
      <trkpt lat="48.53264" lon="-123.50085">
        <ele>236.7</ele>
      </trkpt>
      <trkpt lat="48.53283" lon="-123.50059">
        <ele>237.4</ele>
      </trkpt>
      <trkpt lat="48.53287" lon="-123.50046">
        <ele>237.5</ele>
      </trkpt>
      <trkpt lat="48.53288" lon="-123.5003">
        <ele>237.6</ele>
      </trkpt>
      <trkpt lat="48.53286" lon="-123.50013">
        <ele>237.7</ele>
      </trkpt>
      <trkpt lat="48.5327" lon="-123.49984">
        <ele>237.8</ele>
      </trkpt>
      <trkpt lat="48.5325" lon="-123.49966">
        <ele>237.6</ele>
      </trkpt>
      <trkpt lat="48.53245" lon="-123.49951">
        <ele>237.7</ele>
      </trkpt>
      <trkpt lat="48.5324" lon="-123.49924">
        <ele>237.9</ele>
      </trkpt>
      <trkpt lat="48.5324" lon="-123.49913">
        <ele>238.0</ele>
      </trkpt>
      <trkpt lat="48.53242" lon="-123.49903">
        <ele>238.2</ele>
      </trkpt>
      <trkpt lat="48.53247" lon="-123.49895">
        <ele>238.4</ele>
      </trkpt>
      <trkpt lat="48.53264" lon="-123.49879">
        <ele>238.9</ele>
      </trkpt>
      <trkpt lat="48.53281" lon="-123.4985">
        <ele>239.5</ele>
      </trkpt>
      <trkpt lat="48.53291" lon="-123.49837">
        <ele>239.8</ele>
      </trkpt>
      <trkpt lat="48.53299" lon="-123.4983">
        <ele>240.0</ele>
      </trkpt>
      <trkpt lat="48.53322" lon="-123.49814">
        <ele>240.4</ele>
      </trkpt>
      <trkpt lat="48.53345" lon="-123.49807">
        <ele>240.7</ele>
      </trkpt>
      <trkpt lat="48.53369" lon="-123.49806">
        <ele>241.0</ele>
      </trkpt>
      <trkpt lat="48.53413" lon="-123.49821">
        <ele>241.3</ele>
      </trkpt>
      <trkpt lat="48.53441" lon="-123.49817">
        <ele>241.5</ele>
      </trkpt>
      <trkpt lat="48.53458" lon="-123.49822">
        <ele>241.4</ele>
      </trkpt>
      <trkpt lat="48.53507" lon="-123.49851">
        <ele>241.2</ele>
      </trkpt>
      <trkpt lat="48.53555" lon="-123.49865">
        <ele>240.4</ele>
      </trkpt>
      <trkpt lat="48.53569" lon="-123.49873">
        <ele>239.9</ele>
      </trkpt>
      <trkpt lat="48.53588" lon="-123.49891">
        <ele>239.1</ele>
      </trkpt>
      <trkpt lat="48.53599" lon="-123.49891">
        <ele>238.4</ele>
      </trkpt>
      <trkpt lat="48.53614" lon="-123.49879">
        <ele>237.0</ele>
      </trkpt>
      <trkpt lat="48.53647" lon="-123.49845">
        <ele>233.1</ele>
      </trkpt>
      <trkpt lat="48.53663" lon="-123.49834">
        <ele>231.0</ele>
      </trkpt>
      <trkpt lat="48.53681" lon="-123.49827">
        <ele>228.6</ele>
      </trkpt>
      <trkpt lat="48.53693" lon="-123.4982">
        <ele>226.8</ele>
      </trkpt>
      <trkpt lat="48.53723" lon="-123.49787">
        <ele>221.7</ele>
      </trkpt>
      <trkpt lat="48.53749" lon="-123.49776">
        <ele>217.4</ele>
      </trkpt>
      <trkpt lat="48.53757" lon="-123.4977">
        <ele>216.0</ele>
      </trkpt>
      <trkpt lat="48.53766" lon="-123.49761">
        <ele>214.2</ele>
      </trkpt>
      <trkpt lat="48.53779" lon="-123.49741">
        <ele>211.1</ele>
      </trkpt>
      <trkpt lat="48.53779" lon="-123.49741">
        <ele>211.1</ele>
      </trkpt>
      <trkpt lat="48.5379" lon="-123.49732">
        <ele>208.9</ele>
      </trkpt>
      <trkpt lat="48.53815" lon="-123.49717">
        <ele>204.1</ele>
      </trkpt>
      <trkpt lat="48.53831" lon="-123.49711">
        <ele>201.4</ele>
      </trkpt>
      <trkpt lat="48.53894" lon="-123.49671">
        <ele>189.5</ele>
      </trkpt>
      <trkpt lat="48.53922" lon="-123.49659">
        <ele>186.0</ele>
      </trkpt>
      <trkpt lat="48.53949" lon="-123.49636">
        <ele>184.0</ele>
      </trkpt>
      <trkpt lat="48.5396" lon="-123.49632">
        <ele>183.8</ele>
      </trkpt>
      <trkpt lat="48.5397" lon="-123.4963">
        <ele>183.7</ele>
      </trkpt>
      <trkpt lat="48.53982" lon="-123.49632">
        <ele>183.8</ele>
      </trkpt>
      <trkpt lat="48.53994" lon="-123.49631">
        <ele>183.9</ele>
      </trkpt>
      <trkpt lat="48.54068" lon="-123.49598">
        <ele>184.2</ele>
      </trkpt>
      <trkpt lat="48.54081" lon="-123.49597">
        <ele>184.2</ele>
      </trkpt>
      <trkpt lat="48.54104" lon="-123.49608">
        <ele>184.2</ele>
      </trkpt>
      <trkpt lat="48.54119" lon="-123.49609">
        <ele>184.2</ele>
      </trkpt>
      <trkpt lat="48.54156" lon="-123.49599">
        <ele>184.1</ele>
      </trkpt>
      <trkpt lat="48.54232" lon="-123.49569">
        <ele>183.4</ele>
      </trkpt>
      <trkpt lat="48.54266" lon="-123.49577">
        <ele>183.3</ele>
      </trkpt>
      <trkpt lat="48.54279" lon="-123.49574">
        <ele>183.2</ele>
      </trkpt>
      <trkpt lat="48.54286" lon="-123.4956">
        <ele>183.2</ele>
      </trkpt>
      <trkpt lat="48.54288" lon="-123.49542">
        <ele>183.2</ele>
      </trkpt>
      <trkpt lat="48.54282" lon="-123.49527">
        <ele>183.2</ele>
      </trkpt>
      <trkpt lat="48.54258" lon="-123.49507">
        <ele>183.2</ele>
      </trkpt>
      <trkpt lat="48.54249" lon="-123.49494">
        <ele>183.2</ele>
      </trkpt>
      <trkpt lat="48.54245" lon="-123.49482">
        <ele>183.3</ele>
      </trkpt>
      <trkpt lat="48.54246" lon="-123.4947">
        <ele>183.2</ele>
      </trkpt>
      <trkpt lat="48.54252" lon="-123.49459">
        <ele>183.2</ele>
      </trkpt>
      <trkpt lat="48.54267" lon="-123.4946">
        <ele>183.1</ele>
      </trkpt>
      <trkpt lat="48.54291" lon="-123.49471">
        <ele>183.0</ele>
      </trkpt>
      <trkpt lat="48.54317" lon="-123.49472">
        <ele>182.8</ele>
      </trkpt>
      <trkpt lat="48.54371" lon="-123.49483">
        <ele>181.8</ele>
      </trkpt>
      <trkpt lat="48.54411" lon="-123.49486">
        <ele>180.2</ele>
      </trkpt>
      <trkpt lat="48.54461" lon="-123.49502">
        <ele>177.1</ele>
      </trkpt>
      <trkpt lat="48.54499" lon="-123.49504">
        <ele>173.6</ele>
      </trkpt>
      <trkpt lat="48.5452" lon="-123.49505">
        <ele>171.2</ele>
      </trkpt>
      <trkpt lat="48.54585" lon="-123.49477">
        <ele>162.8</ele>
      </trkpt>
      <trkpt lat="48.54599" lon="-123.49463">
        <ele>161.0</ele>
      </trkpt>
      <trkpt lat="48.54614" lon="-123.4944">
        <ele>159.5</ele>
      </trkpt>
      <trkpt lat="48.54641" lon="-123.49374">
        <ele>159.0</ele>
      </trkpt>
      <trkpt lat="48.54645" lon="-123.49347">
        <ele>160.0</ele>
      </trkpt>
      <trkpt lat="48.54646" lon="-123.49326">
        <ele>161.0</ele>
      </trkpt>
      <trkpt lat="48.54648" lon="-123.49309">
        <ele>161.7</ele>
      </trkpt>
      <trkpt lat="48.54653" lon="-123.49297">
        <ele>161.8</ele>
      </trkpt>
      <trkpt lat="48.54665" lon="-123.4929">
        <ele>160.5</ele>
      </trkpt>
      <trkpt lat="48.54678" lon="-123.49291">
        <ele>158.7</ele>
      </trkpt>
      <trkpt lat="48.54691" lon="-123.49298">
        <ele>156.3</ele>
      </trkpt>
      <trkpt lat="48.54721" lon="-123.49325">
        <ele>150.0</ele>
      </trkpt>
      <trkpt lat="48.54738" lon="-123.49331">
        <ele>147.0</ele>
      </trkpt>
      <trkpt lat="48.54748" lon="-123.4933">
        <ele>145.6</ele>
      </trkpt>
      <trkpt lat="48.54756" lon="-123.49321">
        <ele>145.1</ele>
      </trkpt>
      <trkpt lat="48.5476" lon="-123.49305">
        <ele>145.8</ele>
      </trkpt>
      <trkpt lat="48.54763" lon="-123.49265">
        <ele>148.3</ele>
      </trkpt>
      <trkpt lat="48.54766" lon="-123.49248">
        <ele>149.0</ele>
      </trkpt>
      <trkpt lat="48.54771" lon="-123.49235">
        <ele>149.1</ele>
      </trkpt>
      <trkpt lat="48.54779" lon="-123.49223">
        <ele>148.6</ele>
      </trkpt>
      <trkpt lat="48.54789" lon="-123.49216">
        <ele>147.4</ele>
      </trkpt>
      <trkpt lat="48.54803" lon="-123.49212">
        <ele>145.3</ele>
      </trkpt>
      <trkpt lat="48.54815" lon="-123.4921">
        <ele>143.4</ele>
      </trkpt>
      <trkpt lat="48.5484" lon="-123.49215">
        <ele>138.7</ele>
      </trkpt>
      <trkpt lat="48.54847" lon="-123.49214">
        <ele>137.6</ele>
      </trkpt>
      <trkpt lat="48.54863" lon="-123.49205">
        <ele>135.9</ele>
      </trkpt>
      <trkpt lat="48.54875" lon="-123.49193">
        <ele>135.3</ele>
      </trkpt>
      <trkpt lat="48.54893" lon="-123.49168">
        <ele>136.7</ele>
      </trkpt>
      <trkpt lat="48.54935" lon="-123.4912">
        <ele>141.3</ele>
      </trkpt>
      <trkpt lat="48.5496" lon="-123.49096">
        <ele>141.7</ele>
      </trkpt>
      <trkpt lat="48.54987" lon="-123.49065">
        <ele>144.0</ele>
      </trkpt>
      <trkpt lat="48.54998" lon="-123.49047">
        <ele>147.7</ele>
      </trkpt>
      <trkpt lat="48.55014" lon="-123.48999">
        <ele>160.9</ele>
      </trkpt>
      <trkpt lat="48.55022" lon="-123.48959">
        <ele>169.6</ele>
      </trkpt>
      <trkpt lat="48.55026" lon="-123.48906">
        <ele>176.7</ele>
      </trkpt>
      <trkpt lat="48.55026" lon="-123.48878">
        <ele>178.9</ele>
      </trkpt>
      <trkpt lat="48.5503" lon="-123.48863">
        <ele>179.7</ele>
      </trkpt>
      <trkpt lat="48.5502" lon="-123.48846">
        <ele>180.5</ele>
      </trkpt>
      <trkpt lat="48.54995" lon="-123.48798">
        <ele>181.8</ele>
      </trkpt>
      <trkpt lat="48.54979" lon="-123.48717">
        <ele>182.7</ele>
      </trkpt>
      <trkpt lat="48.54967" lon="-123.48626">
        <ele>183.9</ele>
      </trkpt>
      <trkpt lat="48.54954" lon="-123.48536">
        <ele>184.1</ele>
      </trkpt>
      <trkpt lat="48.54938" lon="-123.48443">
        <ele>184.1</ele>
      </trkpt>
      <trkpt lat="48.54922" lon="-123.48415">
        <ele>184.1</ele>
      </trkpt>
      <trkpt lat="48.54876" lon="-123.48315">
        <ele>184.1</ele>
      </trkpt>
      <trkpt lat="48.5483" lon="-123.48216">
        <ele>184.1</ele>
      </trkpt>
      <trkpt lat="48.5483" lon="-123.48216">
        <ele>184.1</ele>
      </trkpt>
      <trkpt lat="48.54796" lon="-123.48139">
        <ele>184.1</ele>
      </trkpt>
      <trkpt lat="48.54763" lon="-123.48063">
        <ele>184.1</ele>
      </trkpt>
      <trkpt lat="48.54717" lon="-123.47993">
        <ele>184.1</ele>
      </trkpt>
      <trkpt lat="48.54662" lon="-123.4792">
        <ele>184.1</ele>
      </trkpt>
      <trkpt lat="48.54607" lon="-123.47848">
        <ele>183.2</ele>
      </trkpt>
      <trkpt lat="48.54552" lon="-123.47775">
        <ele>181.3</ele>
      </trkpt>
      <trkpt lat="48.54525" lon="-123.47728">
        <ele>179.6</ele>
      </trkpt>
      <trkpt lat="48.54496" lon="-123.47651">
        <ele>176.4</ele>
      </trkpt>
      <trkpt lat="48.54467" lon="-123.47574">
        <ele>175.3</ele>
      </trkpt>
      <trkpt lat="48.54442" lon="-123.47466">
        <ele>172.3</ele>
      </trkpt>
      <trkpt lat="48.54425" lon="-123.47358">
        <ele>168.2</ele>
      </trkpt>
      <trkpt lat="48.54409" lon="-123.4725">
        <ele>164.1</ele>
      </trkpt>
      <trkpt lat="48.54393" lon="-123.47141">
        <ele>157.8</ele>
      </trkpt>
      <trkpt lat="48.54376" lon="-123.47033">
        <ele>151.7</ele>
      </trkpt>
      <trkpt lat="48.54363" lon="-123.46958">
        <ele>147.8</ele>
      </trkpt>
      <trkpt lat="48.54351" lon="-123.46883">
        <ele>142.1</ele>
      </trkpt>
      <trkpt lat="48.54326" lon="-123.46808">
        <ele>137.8</ele>
      </trkpt>
      <trkpt lat="48.54302" lon="-123.46732">
        <ele>133.4</ele>
      </trkpt>
      <trkpt lat="48.54265" lon="-123.46649">
        <ele>128.9</ele>
      </trkpt>
      <trkpt lat="48.54228" lon="-123.46566">
        <ele>125.0</ele>
      </trkpt>
      <trkpt lat="48.54192" lon="-123.46484">
        <ele>121.9</ele>
      </trkpt>
      <trkpt lat="48.54152" lon="-123.46381">
        <ele>116.8</ele>
      </trkpt>
      <trkpt lat="48.54112" lon="-123.4626">
        <ele>111.5</ele>
      </trkpt>
      <trkpt lat="48.54095" lon="-123.4617">
        <ele>107.1</ele>
      </trkpt>
      <trkpt lat="48.54098" lon="-123.46093">
        <ele>102.9</ele>
      </trkpt>
      <trkpt lat="48.54121" lon="-123.45994">
        <ele>96.3</ele>
      </trkpt>
      <trkpt lat="48.5414" lon="-123.4587">
        <ele>87.9</ele>
      </trkpt>
      <trkpt lat="48.5416" lon="-123.45775">
        <ele>80.7</ele>
      </trkpt>
      <trkpt lat="48.54157" lon="-123.45664">
        <ele>74.1</ele>
      </trkpt>
      <trkpt lat="48.54135" lon="-123.45561">
        <ele>69.1</ele>
      </trkpt>
      <trkpt lat="48.54089" lon="-123.45479">
        <ele>69.2</ele>
      </trkpt>
      <trkpt lat="48.54047" lon="-123.45415">
        <ele>71.1</ele>
      </trkpt>
      <trkpt lat="48.5401" lon="-123.45321">
        <ele>70.1</ele>
      </trkpt>
      <trkpt lat="48.53996" lon="-123.45226">
        <ele>65.6</ele>
      </trkpt>
      <trkpt lat="48.53996" lon="-123.451">
        <ele>62.4</ele>
      </trkpt>
      <trkpt lat="48.53996" lon="-123.44973">
        <ele>62.1</ele>
      </trkpt>
      <trkpt lat="48.53996" lon="-123.44847">
        <ele>62.1</ele>
      </trkpt>
      <trkpt lat="48.53996" lon="-123.44721">
        <ele>62.1</ele>
      </trkpt>
      <trkpt lat="48.53996" lon="-123.44586">
        <ele>62.1</ele>
      </trkpt>
      <trkpt lat="48.53997" lon="-123.44451">
        <ele>62.1</ele>
      </trkpt>
      <trkpt lat="48.53998" lon="-123.44316">
        <ele>62.1</ele>
      </trkpt>
      <trkpt lat="48.53999" lon="-123.44182">
        <ele>62.1</ele>
      </trkpt>
      <trkpt lat="48.53999" lon="-123.44047">
        <ele>62.1</ele>
      </trkpt>
      <trkpt lat="48.54" lon="-123.43977">
        <ele>62.1</ele>
      </trkpt>
      <trkpt lat="48.54001" lon="-123.43906">
        <ele>62.4</ele>
      </trkpt>
      <trkpt lat="48.54003" lon="-123.43885">
        <ele>62.8</ele>
      </trkpt>
      <trkpt lat="48.5401" lon="-123.43856">
        <ele>63.7</ele>
      </trkpt>
      <trkpt lat="48.54034" lon="-123.4388">
        <ele>63.1</ele>
      </trkpt>
      <trkpt lat="48.54076" lon="-123.43918">
        <ele>62.4</ele>
      </trkpt>
      <trkpt lat="48.54115" lon="-123.43967">
        <ele>62.0</ele>
      </trkpt>
      <trkpt lat="48.54175" lon="-123.44064">
        <ele>61.9</ele>
      </trkpt>
      <trkpt lat="48.54235" lon="-123.44162">
        <ele>62.1</ele>
      </trkpt>
      <trkpt lat="48.54296" lon="-123.4426">
        <ele>62.1</ele>
      </trkpt>
      <trkpt lat="48.54356" lon="-123.44357">
        <ele>62.1</ele>
      </trkpt>
      <trkpt lat="48.54416" lon="-123.44455">
        <ele>62.1</ele>
      </trkpt>
      <trkpt lat="48.54476" lon="-123.44552">
        <ele>62.1</ele>
      </trkpt>
      <trkpt lat="48.54539" lon="-123.4465">
        <ele>62.1</ele>
      </trkpt>
      <trkpt lat="48.54601" lon="-123.44747">
        <ele>62.1</ele>
      </trkpt>
      <trkpt lat="48.54639" lon="-123.44786">
        <ele>62.1</ele>
      </trkpt>
      <trkpt lat="48.54676" lon="-123.44824">
        <ele>62.1</ele>
      </trkpt>
      <trkpt lat="48.54729" lon="-123.44858">
        <ele>62.1</ele>
      </trkpt>
      <trkpt lat="48.54779" lon="-123.44868">
        <ele>62.1</ele>
      </trkpt>
      <trkpt lat="48.54832" lon="-123.44862">
        <ele>62.1</ele>
      </trkpt>
      <trkpt lat="48.54905" lon="-123.44825">
        <ele>62.1</ele>
      </trkpt>
      <trkpt lat="48.54978" lon="-123.44788">
        <ele>62.1</ele>
      </trkpt>
      <trkpt lat="48.55051" lon="-123.4475">
        <ele>62.1</ele>
      </trkpt>
      <trkpt lat="48.55124" lon="-123.44713">
        <ele>62.1</ele>
      </trkpt>
      <trkpt lat="48.55197" lon="-123.44676">
        <ele>62.1</ele>
      </trkpt>
      <trkpt lat="48.5522" lon="-123.44664">
        <ele>62.1</ele>
      </trkpt>
      <trkpt lat="48.55257" lon="-123.44657">
        <ele>62.1</ele>
      </trkpt>
      <trkpt lat="48.55257" lon="-123.44618">
        <ele>62.1</ele>
      </trkpt>
      <trkpt lat="48.55257" lon="-123.44617">
        <ele>62.1</ele>
      </trkpt>
      <trkpt lat="48.55256" lon="-123.44602">
        <ele>62.1</ele>
      </trkpt>
      <trkpt lat="48.5525" lon="-123.44594">
        <ele>62.1</ele>
      </trkpt>
      <trkpt lat="48.55244" lon="-123.4459">
        <ele>62.1</ele>
      </trkpt>
      <trkpt lat="48.55231" lon="-123.44574">
        <ele>62.1</ele>
      </trkpt>
      <trkpt lat="48.55197" lon="-123.44552">
        <ele>62.1</ele>
      </trkpt>
      <trkpt lat="48.55176" lon="-123.44536">
        <ele>62.1</ele>
      </trkpt>
      <trkpt lat="48.55157" lon="-123.44513">
        <ele>62.1</ele>
      </trkpt>
      <trkpt lat="48.55144" lon="-123.445">
        <ele>62.1</ele>
      </trkpt>
      <trkpt lat="48.55131" lon="-123.4449">
        <ele>62.1</ele>
      </trkpt>
      <trkpt lat="48.55126" lon="-123.44471">
        <ele>62.1</ele>
      </trkpt>
      <trkpt lat="48.55124" lon="-123.44397">
        <ele>62.1</ele>
      </trkpt>
      <trkpt lat="48.55123" lon="-123.44323">
        <ele>62.2</ele>
      </trkpt>
      <trkpt lat="48.55123" lon="-123.44189">
        <ele>66.2</ele>
      </trkpt>
      <trkpt lat="48.55123" lon="-123.44055">
        <ele>73.4</ele>
      </trkpt>
      <trkpt lat="48.55123" lon="-123.4404">
        <ele>74.3</ele>
      </trkpt>
      <trkpt lat="48.55129" lon="-123.44022">
        <ele>75.5</ele>
      </trkpt>
      <trkpt lat="48.55159" lon="-123.44039">
        <ele>75.0</ele>
      </trkpt>
      <trkpt lat="48.55163" lon="-123.4401">
        <ele>76.7</ele>
      </trkpt>
      <trkpt lat="48.55174" lon="-123.44014">
        <ele>76.6</ele>
      </trkpt>
      <trkpt lat="48.55199" lon="-123.44013">
        <ele>76.8</ele>
      </trkpt>
      <trkpt lat="48.55214" lon="-123.44014">
        <ele>76.7</ele>
      </trkpt>
      <trkpt lat="48.55221" lon="-123.44034">
        <ele>75.7</ele>
      </trkpt>
      <trkpt lat="48.55267" lon="-123.44004">
        <ele>77.2</ele>
      </trkpt>
      <trkpt lat="48.55323" lon="-123.43959">
        <ele>79.3</ele>
      </trkpt>
      <trkpt lat="48.55379" lon="-123.43914">
        <ele>81.5</ele>
      </trkpt>
      <trkpt lat="48.55436" lon="-123.4387">
        <ele>83.5</ele>
      </trkpt>
      <trkpt lat="48.55493" lon="-123.43833">
        <ele>85.5</ele>
      </trkpt>
      <trkpt lat="48.55514" lon="-123.43824">
        <ele>86.3</ele>
      </trkpt>
      <trkpt lat="48.55532" lon="-123.43822">
        <ele>86.7</ele>
      </trkpt>
      <trkpt lat="48.55554" lon="-123.43824">
        <ele>87.2</ele>
      </trkpt>
      <trkpt lat="48.55609" lon="-123.43831">
        <ele>88.8</ele>
      </trkpt>
      <trkpt lat="48.55664" lon="-123.43838">
        <ele>91.4</ele>
      </trkpt>
      <trkpt lat="48.557" lon="-123.4384">
        <ele>93.7</ele>
      </trkpt>
      <trkpt lat="48.55718" lon="-123.43838">
        <ele>95.1</ele>
      </trkpt>
      <trkpt lat="48.55737" lon="-123.43833">
        <ele>96.7</ele>
      </trkpt>
      <trkpt lat="48.55797" lon="-123.43809">
        <ele>101.3</ele>
      </trkpt>
      <trkpt lat="48.55797" lon="-123.43809">
        <ele>101.3</ele>
      </trkpt>
      <trkpt lat="48.55737" lon="-123.43833">
        <ele>96.7</ele>
      </trkpt>
      <trkpt lat="48.55718" lon="-123.43838">
        <ele>95.1</ele>
      </trkpt>
      <trkpt lat="48.557" lon="-123.4384">
        <ele>93.7</ele>
      </trkpt>
      <trkpt lat="48.55664" lon="-123.43838">
        <ele>91.4</ele>
      </trkpt>
      <trkpt lat="48.55609" lon="-123.43831">
        <ele>88.8</ele>
      </trkpt>
      <trkpt lat="48.55554" lon="-123.43824">
        <ele>87.2</ele>
      </trkpt>
      <trkpt lat="48.55532" lon="-123.43822">
        <ele>86.7</ele>
      </trkpt>
      <trkpt lat="48.55514" lon="-123.43824">
        <ele>86.3</ele>
      </trkpt>
      <trkpt lat="48.55493" lon="-123.43833">
        <ele>85.5</ele>
      </trkpt>
      <trkpt lat="48.55436" lon="-123.4387">
        <ele>83.5</ele>
      </trkpt>
      <trkpt lat="48.55379" lon="-123.43914">
        <ele>81.5</ele>
      </trkpt>
      <trkpt lat="48.55323" lon="-123.43959">
        <ele>79.3</ele>
      </trkpt>
      <trkpt lat="48.55267" lon="-123.44004">
        <ele>77.2</ele>
      </trkpt>
      <trkpt lat="48.55221" lon="-123.44034">
        <ele>75.7</ele>
      </trkpt>
      <trkpt lat="48.55214" lon="-123.44014">
        <ele>76.7</ele>
      </trkpt>
      <trkpt lat="48.55199" lon="-123.44013">
        <ele>76.8</ele>
      </trkpt>
      <trkpt lat="48.55184" lon="-123.44014">
        <ele>76.6</ele>
      </trkpt>
      <trkpt lat="48.55199" lon="-123.44013">
        <ele>76.8</ele>
      </trkpt>
      <trkpt lat="48.55214" lon="-123.44014">
        <ele>76.7</ele>
      </trkpt>
      <trkpt lat="48.55221" lon="-123.44034">
        <ele>75.7</ele>
      </trkpt>
      <trkpt lat="48.55267" lon="-123.44004">
        <ele>77.2</ele>
      </trkpt>
      <trkpt lat="48.55323" lon="-123.43959">
        <ele>79.3</ele>
      </trkpt>
      <trkpt lat="48.55379" lon="-123.43914">
        <ele>81.5</ele>
      </trkpt>
      <trkpt lat="48.55436" lon="-123.4387">
        <ele>83.5</ele>
      </trkpt>
      <trkpt lat="48.55493" lon="-123.43833">
        <ele>85.5</ele>
      </trkpt>
      <trkpt lat="48.55514" lon="-123.43824">
        <ele>86.3</ele>
      </trkpt>
      <trkpt lat="48.55532" lon="-123.43822">
        <ele>86.7</ele>
      </trkpt>
      <trkpt lat="48.55554" lon="-123.43824">
        <ele>87.2</ele>
      </trkpt>
      <trkpt lat="48.55609" lon="-123.43831">
        <ele>88.8</ele>
      </trkpt>
      <trkpt lat="48.55664" lon="-123.43838">
        <ele>91.4</ele>
      </trkpt>
      <trkpt lat="48.557" lon="-123.4384">
        <ele>93.7</ele>
      </trkpt>
      <trkpt lat="48.55718" lon="-123.43838">
        <ele>95.1</ele>
      </trkpt>
      <trkpt lat="48.55737" lon="-123.43833">
        <ele>96.7</ele>
      </trkpt>
      <trkpt lat="48.55809" lon="-123.43804">
        <ele>102.1</ele>
      </trkpt>
      <trkpt lat="48.55879" lon="-123.43772">
        <ele>105.0</ele>
      </trkpt>
      <trkpt lat="48.55898" lon="-123.43758">
        <ele>105.1</ele>
      </trkpt>
      <trkpt lat="48.5592" lon="-123.43737">
        <ele>104.7</ele>
      </trkpt>
      <trkpt lat="48.55948" lon="-123.43707">
        <ele>103.5</ele>
      </trkpt>
      <trkpt lat="48.55962" lon="-123.43695">
        <ele>102.6</ele>
      </trkpt>
      <trkpt lat="48.55979" lon="-123.43684">
        <ele>101.4</ele>
      </trkpt>
      <trkpt lat="48.56004" lon="-123.43675">
        <ele>99.3</ele>
      </trkpt>
      <trkpt lat="48.56061" lon="-123.43663">
        <ele>94.0</ele>
      </trkpt>
      <trkpt lat="48.56059" lon="-123.43654">
        <ele>94.2</ele>
      </trkpt>
      <trkpt lat="48.56055" lon="-123.43649">
        <ele>94.6</ele>
      </trkpt>
      <trkpt lat="48.56022" lon="-123.43629">
        <ele>97.7</ele>
      </trkpt>
      <trkpt lat="48.56022" lon="-123.43629">
        <ele>97.7</ele>
      </trkpt>
      <trkpt lat="48.55941" lon="-123.43582">
        <ele>104.4</ele>
      </trkpt>
      <trkpt lat="48.55886" lon="-123.43548">
        <ele>107.8</ele>
      </trkpt>
      <trkpt lat="48.55831" lon="-123.43515">
        <ele>109.8</ele>
      </trkpt>
      <trkpt lat="48.55796" lon="-123.43483">
        <ele>110.7</ele>
      </trkpt>
      <trkpt lat="48.55774" lon="-123.43449">
        <ele>111.5</ele>
      </trkpt>
      <trkpt lat="48.55761" lon="-123.43435">
        <ele>111.8</ele>
      </trkpt>
      <trkpt lat="48.55682" lon="-123.4339">
        <ele>112.9</ele>
      </trkpt>
      <trkpt lat="48.55612" lon="-123.43311">
        <ele>115.8</ele>
      </trkpt>
      <trkpt lat="48.55571" lon="-123.43255">
        <ele>118.1</ele>
      </trkpt>
      <trkpt lat="48.5553" lon="-123.43212">
        <ele>119.8</ele>
      </trkpt>
      <trkpt lat="48.55489" lon="-123.4317">
        <ele>121.3</ele>
      </trkpt>
      <trkpt lat="48.55452" lon="-123.43166">
        <ele>121.7</ele>
      </trkpt>
      <trkpt lat="48.55429" lon="-123.43172">
        <ele>121.8</ele>
      </trkpt>
      <trkpt lat="48.55396" lon="-123.43183">
        <ele>122.0</ele>
      </trkpt>
      <trkpt lat="48.55362" lon="-123.43181">
        <ele>122.5</ele>
      </trkpt>
      <trkpt lat="48.55281" lon="-123.43152">
        <ele>123.2</ele>
      </trkpt>
      <trkpt lat="48.55215" lon="-123.43159">
        <ele>123.1</ele>
      </trkpt>
      <trkpt lat="48.55154" lon="-123.43161">
        <ele>123.0</ele>
      </trkpt>
      <trkpt lat="48.5513" lon="-123.43159">
        <ele>122.9</ele>
      </trkpt>
      <trkpt lat="48.55084" lon="-123.43133">
        <ele>122.8</ele>
      </trkpt>
      <trkpt lat="48.55038" lon="-123.43107">
        <ele>122.8</ele>
      </trkpt>
      <trkpt lat="48.55038" lon="-123.43107">
        <ele>122.8</ele>
      </trkpt>
      <trkpt lat="48.55038" lon="-123.43107">
        <ele>122.8</ele>
      </trkpt>
      <trkpt lat="48.54981" lon="-123.43075">
        <ele>123.1</ele>
      </trkpt>
      <trkpt lat="48.54924" lon="-123.43043">
        <ele>123.1</ele>
      </trkpt>
      <trkpt lat="48.54856" lon="-123.43018">
        <ele>123.1</ele>
      </trkpt>
      <trkpt lat="48.54802" lon="-123.42993">
        <ele>123.1</ele>
      </trkpt>
      <trkpt lat="48.54786" lon="-123.42978">
        <ele>123.1</ele>
      </trkpt>
      <trkpt lat="48.54709" lon="-123.42924">
        <ele>123.1</ele>
      </trkpt>
      <trkpt lat="48.54665" lon="-123.42926">
        <ele>123.1</ele>
      </trkpt>
      <trkpt lat="48.54579" lon="-123.42955">
        <ele>123.1</ele>
      </trkpt>
      <trkpt lat="48.54535" lon="-123.42938">
        <ele>123.1</ele>
      </trkpt>
      <trkpt lat="48.54458" lon="-123.42892">
        <ele>123.1</ele>
      </trkpt>
      <trkpt lat="48.54394" lon="-123.42875">
        <ele>123.1</ele>
      </trkpt>
      <trkpt lat="48.54331" lon="-123.42858">
        <ele>123.1</ele>
      </trkpt>
      <trkpt lat="48.54265" lon="-123.42816">
        <ele>123.1</ele>
      </trkpt>
      <trkpt lat="48.542" lon="-123.42773">
        <ele>123.1</ele>
      </trkpt>
      <trkpt lat="48.54141" lon="-123.42747">
        <ele>123.1</ele>
      </trkpt>
      <trkpt lat="48.54074" lon="-123.42742">
        <ele>123.1</ele>
      </trkpt>
      <trkpt lat="48.54021" lon="-123.42749">
        <ele>123.1</ele>
      </trkpt>
      <trkpt lat="48.53967" lon="-123.42756">
        <ele>123.1</ele>
      </trkpt>
      <trkpt lat="48.53927" lon="-123.4272">
        <ele>123.1</ele>
      </trkpt>
      <trkpt lat="48.53887" lon="-123.42684">
        <ele>123.1</ele>
      </trkpt>
      <trkpt lat="48.53835" lon="-123.42603">
        <ele>123.1</ele>
      </trkpt>
      <trkpt lat="48.53808" lon="-123.4258">
        <ele>123.2</ele>
      </trkpt>
      <trkpt lat="48.53758" lon="-123.42508">
        <ele>121.7</ele>
      </trkpt>
      <trkpt lat="48.53733" lon="-123.42487">
        <ele>120.9</ele>
      </trkpt>
      <trkpt lat="48.53733" lon="-123.42487">
        <ele>120.9</ele>
      </trkpt>
      <trkpt lat="48.5372" lon="-123.42476">
        <ele>120.5</ele>
      </trkpt>
      <trkpt lat="48.53658" lon="-123.42447">
        <ele>118.8</ele>
      </trkpt>
      <trkpt lat="48.53595" lon="-123.42419">
        <ele>116.4</ele>
      </trkpt>
      <trkpt lat="48.53564" lon="-123.4236">
        <ele>113.7</ele>
      </trkpt>
      <trkpt lat="48.53532" lon="-123.42301">
        <ele>110.7</ele>
      </trkpt>
      <trkpt lat="48.53498" lon="-123.42254">
        <ele>108.2</ele>
      </trkpt>
      <trkpt lat="48.53458" lon="-123.42217">
        <ele>105.9</ele>
      </trkpt>
      <trkpt lat="48.53417" lon="-123.42128">
        <ele>101.8</ele>
      </trkpt>
      <trkpt lat="48.53361" lon="-123.42074">
        <ele>98.9</ele>
      </trkpt>
      <trkpt lat="48.53296" lon="-123.41994">
        <ele>94.4</ele>
      </trkpt>
      <trkpt lat="48.53244" lon="-123.41939">
        <ele>92.4</ele>
      </trkpt>
      <trkpt lat="48.53184" lon="-123.41916">
        <ele>91.2</ele>
      </trkpt>
      <trkpt lat="48.53124" lon="-123.41893">
        <ele>90.0</ele>
      </trkpt>
      <trkpt lat="48.53065" lon="-123.41871">
        <ele>89.5</ele>
      </trkpt>
      <trkpt lat="48.53" lon="-123.41839">
        <ele>90.0</ele>
      </trkpt>
      <trkpt lat="48.53" lon="-123.41839">
        <ele>90.0</ele>
      </trkpt>
      <trkpt lat="48.52964" lon="-123.41821">
        <ele>91.1</ele>
      </trkpt>
      <trkpt lat="48.52926" lon="-123.41776">
        <ele>92.4</ele>
      </trkpt>
      <trkpt lat="48.52907" lon="-123.41734">
        <ele>93.2</ele>
      </trkpt>
      <trkpt lat="48.52983" lon="-123.41733">
        <ele>88.6</ele>
      </trkpt>
      <trkpt lat="48.53058" lon="-123.41731">
        <ele>85.9</ele>
      </trkpt>
      <trkpt lat="48.53134" lon="-123.41729">
        <ele>84.7</ele>
      </trkpt>
      <trkpt lat="48.5322" lon="-123.4173">
        <ele>84.9</ele>
      </trkpt>
      <trkpt lat="48.53306" lon="-123.41731">
        <ele>86.0</ele>
      </trkpt>
      <trkpt lat="48.53392" lon="-123.41732">
        <ele>87.1</ele>
      </trkpt>
      <trkpt lat="48.53478" lon="-123.41733">
        <ele>88.7</ele>
      </trkpt>
      <trkpt lat="48.53564" lon="-123.41734">
        <ele>90.2</ele>
      </trkpt>
      <trkpt lat="48.5365" lon="-123.41735">
        <ele>92.1</ele>
      </trkpt>
      <trkpt lat="48.53736" lon="-123.41736">
        <ele>94.2</ele>
      </trkpt>
      <trkpt lat="48.53823" lon="-123.41737">
        <ele>98.1</ele>
      </trkpt>
      <trkpt lat="48.53893" lon="-123.41736">
        <ele>102.4</ele>
      </trkpt>
      <trkpt lat="48.53964" lon="-123.41735">
        <ele>108.2</ele>
      </trkpt>
      <trkpt lat="48.53964" lon="-123.41735">
        <ele>108.2</ele>
      </trkpt>
      <trkpt lat="48.53964" lon="-123.41735">
        <ele>108.2</ele>
      </trkpt>
      <trkpt lat="48.53987" lon="-123.41734">
        <ele>110.1</ele>
      </trkpt>
      <trkpt lat="48.53986" lon="-123.4162">
        <ele>108.0</ele>
      </trkpt>
      <trkpt lat="48.53986" lon="-123.41506">
        <ele>105.3</ele>
      </trkpt>
      <trkpt lat="48.53986" lon="-123.41391">
        <ele>103.2</ele>
      </trkpt>
      <trkpt lat="48.53986" lon="-123.41277">
        <ele>100.5</ele>
      </trkpt>
      <trkpt lat="48.53986" lon="-123.41277">
        <ele>100.5</ele>
      </trkpt>
      <trkpt lat="48.53987" lon="-123.41251">
        <ele>100.0</ele>
      </trkpt>
      <trkpt lat="48.53991" lon="-123.41238">
        <ele>100.2</ele>
      </trkpt>
      <trkpt lat="48.53998" lon="-123.41232">
        <ele>100.9</ele>
      </trkpt>
      <trkpt lat="48.54008" lon="-123.41229">
        <ele>102.0</ele>
      </trkpt>
      <trkpt lat="48.54062" lon="-123.41226">
        <ele>107.8</ele>
      </trkpt>
      <trkpt lat="48.54074" lon="-123.41219">
        <ele>108.8</ele>
      </trkpt>
      <trkpt lat="48.5408" lon="-123.41211">
        <ele>109.2</ele>
      </trkpt>
      <trkpt lat="48.54087" lon="-123.41196">
        <ele>109.5</ele>
      </trkpt>
      <trkpt lat="48.54089" lon="-123.41179">
        <ele>109.3</ele>
      </trkpt>
      <trkpt lat="48.54084" lon="-123.41158">
        <ele>108.5</ele>
      </trkpt>
      <trkpt lat="48.54057" lon="-123.411">
        <ele>105.2</ele>
      </trkpt>
      <trkpt lat="48.5403" lon="-123.41019">
        <ele>100.9</ele>
      </trkpt>
      <trkpt lat="48.54018" lon="-123.40995">
        <ele>98.9</ele>
      </trkpt>
      <trkpt lat="48.53985" lon="-123.40942">
        <ele>93.0</ele>
      </trkpt>
      <trkpt lat="48.5398" lon="-123.40916">
        <ele>91.6</ele>
      </trkpt>
      <trkpt lat="48.5398" lon="-123.40902">
        <ele>91.2</ele>
      </trkpt>
      <trkpt lat="48.53982" lon="-123.4088">
        <ele>90.9</ele>
      </trkpt>
      <trkpt lat="48.53988" lon="-123.40843">
        <ele>90.9</ele>
      </trkpt>
      <trkpt lat="48.53987" lon="-123.40819">
        <ele>90.0</ele>
      </trkpt>
      <trkpt lat="48.53984" lon="-123.40801">
        <ele>89.0</ele>
      </trkpt>
      <trkpt lat="48.53971" lon="-123.40765">
        <ele>85.6</ele>
      </trkpt>
      <trkpt lat="48.53956" lon="-123.40731">
        <ele>81.4</ele>
      </trkpt>
      <trkpt lat="48.53943" lon="-123.40714">
        <ele>77.9</ele>
      </trkpt>
      <trkpt lat="48.53925" lon="-123.40702">
        <ele>73.7</ele>
      </trkpt>
      <trkpt lat="48.53858" lon="-123.40676">
        <ele>64.2</ele>
      </trkpt>
      <trkpt lat="48.53798" lon="-123.40659">
        <ele>62.5</ele>
      </trkpt>
      <trkpt lat="48.53784" lon="-123.40653">
        <ele>62.3</ele>
      </trkpt>
      <trkpt lat="48.53758" lon="-123.40637">
        <ele>62.2</ele>
      </trkpt>
      <trkpt lat="48.53732" lon="-123.40612">
        <ele>62.1</ele>
      </trkpt>
      <trkpt lat="48.5372" lon="-123.40597">
        <ele>62.1</ele>
      </trkpt>
      <trkpt lat="48.5367" lon="-123.40519">
        <ele>62.1</ele>
      </trkpt>
      <trkpt lat="48.53663" lon="-123.40506">
        <ele>62.1</ele>
      </trkpt>
      <trkpt lat="48.53653" lon="-123.40477">
        <ele>62.1</ele>
      </trkpt>
      <trkpt lat="48.53648" lon="-123.40451">
        <ele>62.1</ele>
      </trkpt>
      <trkpt lat="48.53643" lon="-123.40414">
        <ele>62.1</ele>
      </trkpt>
      <trkpt lat="48.53639" lon="-123.40282">
        <ele>62.1</ele>
      </trkpt>
      <trkpt lat="48.53638" lon="-123.40152">
        <ele>62.9</ele>
      </trkpt>
      <trkpt lat="48.53637" lon="-123.40022">
        <ele>68.0</ele>
      </trkpt>
      <trkpt lat="48.53636" lon="-123.39892">
        <ele>71.3</ele>
      </trkpt>
      <trkpt lat="48.53635" lon="-123.39762">
        <ele>71.8</ele>
      </trkpt>
      <trkpt lat="48.53634" lon="-123.39632">
        <ele>70.6</ele>
      </trkpt>
      <trkpt lat="48.53633" lon="-123.39503">
        <ele>69.2</ele>
      </trkpt>
      <trkpt lat="48.53632" lon="-123.39373">
        <ele>66.9</ele>
      </trkpt>
      <trkpt lat="48.53632" lon="-123.39243">
        <ele>66.2</ele>
      </trkpt>
      <trkpt lat="48.53631" lon="-123.39113">
        <ele>66.1</ele>
      </trkpt>
      <trkpt lat="48.53631" lon="-123.39113">
        <ele>66.1</ele>
      </trkpt>
      <trkpt lat="48.5363" lon="-123.39022">
        <ele>65.9</ele>
      </trkpt>
      <trkpt lat="48.53715" lon="-123.39036">
        <ele>69.3</ele>
      </trkpt>
      <trkpt lat="48.5373" lon="-123.39033">
        <ele>69.9</ele>
      </trkpt>
      <trkpt lat="48.53737" lon="-123.39026">
        <ele>70.1</ele>
      </trkpt>
      <trkpt lat="48.53741" lon="-123.39015">
        <ele>70.1</ele>
      </trkpt>
      <trkpt lat="48.53757" lon="-123.38935">
        <ele>69.7</ele>
      </trkpt>
      <trkpt lat="48.53772" lon="-123.38865">
        <ele>68.9</ele>
      </trkpt>
      <trkpt lat="48.53797" lon="-123.38766">
        <ele>68.0</ele>
      </trkpt>
      <trkpt lat="48.53822" lon="-123.38667">
        <ele>66.1</ele>
      </trkpt>
      <trkpt lat="48.5375" lon="-123.38626">
        <ele>64.6</ele>
      </trkpt>
      <trkpt lat="48.53678" lon="-123.38584">
        <ele>63.3</ele>
      </trkpt>
      <trkpt lat="48.53602" lon="-123.38519">
        <ele>63.1</ele>
      </trkpt>
      <trkpt lat="48.53545" lon="-123.38471">
        <ele>62.8</ele>
      </trkpt>
      <trkpt lat="48.53472" lon="-123.3844">
        <ele>62.1</ele>
      </trkpt>
      <trkpt lat="48.534" lon="-123.3841">
        <ele>62.1</ele>
      </trkpt>
      <trkpt lat="48.53327" lon="-123.38379">
        <ele>62.1</ele>
      </trkpt>
      <trkpt lat="48.53254" lon="-123.38348">
        <ele>62.1</ele>
      </trkpt>
      <trkpt lat="48.53191" lon="-123.38351">
        <ele>62.1</ele>
      </trkpt>
      <trkpt lat="48.53129" lon="-123.38353">
        <ele>62.1</ele>
      </trkpt>
      <trkpt lat="48.53066" lon="-123.38356">
        <ele>62.1</ele>
      </trkpt>
      <trkpt lat="48.53069" lon="-123.38447">
        <ele>62.1</ele>
      </trkpt>
      <trkpt lat="48.5305" lon="-123.38452">
        <ele>62.1</ele>
      </trkpt>
      <trkpt lat="48.52986" lon="-123.38449">
        <ele>62.1</ele>
      </trkpt>
      <trkpt lat="48.52921" lon="-123.38446">
        <ele>62.1</ele>
      </trkpt>
      <trkpt lat="48.52921" lon="-123.38446">
        <ele>62.1</ele>
      </trkpt>
      <trkpt lat="48.52886" lon="-123.38444">
        <ele>62.1</ele>
      </trkpt>
      <trkpt lat="48.52818" lon="-123.38435">
        <ele>62.1</ele>
      </trkpt>
      <trkpt lat="48.52751" lon="-123.38427">
        <ele>62.1</ele>
      </trkpt>
      <trkpt lat="48.52671" lon="-123.38411">
        <ele>62.1</ele>
      </trkpt>
      <trkpt lat="48.52591" lon="-123.38395">
        <ele>62.1</ele>
      </trkpt>
      <trkpt lat="48.52511" lon="-123.38379">
        <ele>62.1</ele>
      </trkpt>
      <trkpt lat="48.52431" lon="-123.38363">
        <ele>62.1</ele>
      </trkpt>
      <trkpt lat="48.5235" lon="-123.38347">
        <ele>62.1</ele>
      </trkpt>
      <trkpt lat="48.5227" lon="-123.38331">
        <ele>62.1</ele>
      </trkpt>
      <trkpt lat="48.5219" lon="-123.38316">
        <ele>62.1</ele>
      </trkpt>
      <trkpt lat="48.5211" lon="-123.383">
        <ele>62.1</ele>
      </trkpt>
      <trkpt lat="48.52034" lon="-123.38288">
        <ele>62.1</ele>
      </trkpt>
      <trkpt lat="48.51958" lon="-123.38275">
        <ele>62.1</ele>
      </trkpt>
      <trkpt lat="48.51882" lon="-123.38263">
        <ele>62.1</ele>
      </trkpt>
      <trkpt lat="48.51806" lon="-123.38251">
        <ele>62.1</ele>
      </trkpt>
      <trkpt lat="48.51805" lon="-123.38178">
        <ele>62.1</ele>
      </trkpt>
      <trkpt lat="48.51804" lon="-123.38105">
        <ele>62.1</ele>
      </trkpt>
      <trkpt lat="48.51804" lon="-123.38105">
        <ele>62.1</ele>
      </trkpt>
      <trkpt lat="48.51802" lon="-123.37978">
        <ele>62.1</ele>
      </trkpt>
      <trkpt lat="48.518" lon="-123.37852">
        <ele>62.1</ele>
      </trkpt>
      <trkpt lat="48.51798" lon="-123.37725">
        <ele>62.1</ele>
      </trkpt>
      <trkpt lat="48.51796" lon="-123.37599">
        <ele>62.1</ele>
      </trkpt>
      <trkpt lat="48.51794" lon="-123.37472">
        <ele>62.1</ele>
      </trkpt>
      <trkpt lat="48.51794" lon="-123.3741">
        <ele>62.1</ele>
      </trkpt>
      <trkpt lat="48.51716" lon="-123.37411">
        <ele>62.1</ele>
      </trkpt>
      <trkpt lat="48.51638" lon="-123.37412">
        <ele>62.1</ele>
      </trkpt>
      <trkpt lat="48.515938" lon="-123.374126">
        <ele>62.1</ele>
      </trkpt>
      <trkpt lat="48.5156" lon="-123.37413">
        <ele>62.3</ele>
      </trkpt>
      <trkpt lat="48.5156" lon="-123.37413">
        <ele>62.3</ele>
      </trkpt>
      <trkpt lat="48.5149" lon="-123.37415">
        <ele>63.3</ele>
      </trkpt>
      <trkpt lat="48.51419" lon="-123.37416">
        <ele>64.8</ele>
      </trkpt>
      <trkpt lat="48.51418" lon="-123.37335">
        <ele>64.2</ele>
      </trkpt>
      <trkpt lat="48.51418" lon="-123.37254">
        <ele>64.1</ele>
      </trkpt>
      <trkpt lat="48.51415" lon="-123.37194">
        <ele>64.2</ele>
      </trkpt>
      <trkpt lat="48.51405" lon="-123.37153">
        <ele>64.1</ele>
      </trkpt>
      <trkpt lat="48.51387" lon="-123.37132">
        <ele>64.2</ele>
      </trkpt>
      <trkpt lat="48.51322" lon="-123.3708">
        <ele>65.3</ele>
      </trkpt>
      <trkpt lat="48.51289" lon="-123.37058">
        <ele>66.2</ele>
      </trkpt>
      <trkpt lat="48.51269" lon="-123.37052">
        <ele>66.8</ele>
      </trkpt>
      <trkpt lat="48.51207" lon="-123.37052">
        <ele>69.0</ele>
      </trkpt>
      <trkpt lat="48.51144" lon="-123.37052">
        <ele>72.0</ele>
      </trkpt>
      <trkpt lat="48.51113" lon="-123.37046">
        <ele>73.8</ele>
      </trkpt>
      <trkpt lat="48.51037" lon="-123.37023">
        <ele>77.7</ele>
      </trkpt>
      <trkpt lat="48.5096" lon="-123.37">
        <ele>81.0</ele>
      </trkpt>
      <trkpt lat="48.50947" lon="-123.36994">
        <ele>81.4</ele>
      </trkpt>
      <trkpt lat="48.50939" lon="-123.36984">
        <ele>81.2</ele>
      </trkpt>
      <trkpt lat="48.50934" lon="-123.36972">
        <ele>80.6</ele>
      </trkpt>
      <trkpt lat="48.50932" lon="-123.36958">
        <ele>79.8</ele>
      </trkpt>
      <trkpt lat="48.50933" lon="-123.36927">
        <ele>77.6</ele>
      </trkpt>
      <trkpt lat="48.50938" lon="-123.36895">
        <ele>75.2</ele>
      </trkpt>
      <trkpt lat="48.50934" lon="-123.36878">
        <ele>74.2</ele>
      </trkpt>
      <trkpt lat="48.5093" lon="-123.3687">
        <ele>73.8</ele>
      </trkpt>
      <trkpt lat="48.5091" lon="-123.36825">
        <ele>71.4</ele>
      </trkpt>
      <trkpt lat="48.50918" lon="-123.36814">
        <ele>70.5</ele>
      </trkpt>
      <trkpt lat="48.50926" lon="-123.36811">
        <ele>70.2</ele>
      </trkpt>
      <trkpt lat="48.50978" lon="-123.36798">
        <ele>68.5</ele>
      </trkpt>
      <trkpt lat="48.50987" lon="-123.36789">
        <ele>67.8</ele>
      </trkpt>
      <trkpt lat="48.50993" lon="-123.36779">
        <ele>67.2</ele>
      </trkpt>
      <trkpt lat="48.50996" lon="-123.36752">
        <ele>66.1</ele>
      </trkpt>
      <trkpt lat="48.50971" lon="-123.36747">
        <ele>66.2</ele>
      </trkpt>
      <trkpt lat="48.50954" lon="-123.36739">
        <ele>66.1</ele>
      </trkpt>
      <trkpt lat="48.50939" lon="-123.36728">
        <ele>65.8</ele>
      </trkpt>
      <trkpt lat="48.50909" lon="-123.36697">
        <ele>64.6</ele>
      </trkpt>
      <trkpt lat="48.50894" lon="-123.36687">
        <ele>64.2</ele>
      </trkpt>
      <trkpt lat="48.50874" lon="-123.36682">
        <ele>64.2</ele>
      </trkpt>
      <trkpt lat="48.5086" lon="-123.3668">
        <ele>64.2</ele>
      </trkpt>
      <trkpt lat="48.5086" lon="-123.3668">
        <ele>64.2</ele>
      </trkpt>
      <trkpt lat="48.50789" lon="-123.36673">
        <ele>64.3</ele>
      </trkpt>
      <trkpt lat="48.50779" lon="-123.3667">
        <ele>64.0</ele>
      </trkpt>
      <trkpt lat="48.5077" lon="-123.36665">
        <ele>63.6</ele>
      </trkpt>
      <trkpt lat="48.50762" lon="-123.36658">
        <ele>63.1</ele>
      </trkpt>
      <trkpt lat="48.50749" lon="-123.36641">
        <ele>61.7</ele>
      </trkpt>
      <trkpt lat="48.50744" lon="-123.3663">
        <ele>60.8</ele>
      </trkpt>
      <trkpt lat="48.5074" lon="-123.36601">
        <ele>58.3</ele>
      </trkpt>
      <trkpt lat="48.50736" lon="-123.36591">
        <ele>57.4</ele>
      </trkpt>
      <trkpt lat="48.50727" lon="-123.36585">
        <ele>56.9</ele>
      </trkpt>
      <trkpt lat="48.50687" lon="-123.36585">
        <ele>56.9</ele>
      </trkpt>
      <trkpt lat="48.50618" lon="-123.36589">
        <ele>57.4</ele>
      </trkpt>
      <trkpt lat="48.50618" lon="-123.36589">
        <ele>57.4</ele>
      </trkpt>
      <trkpt lat="48.506" lon="-123.36591">
        <ele>57.5</ele>
      </trkpt>
      <trkpt lat="48.50554" lon="-123.36602">
        <ele>57.7</ele>
      </trkpt>
      <trkpt lat="48.50507" lon="-123.36612">
        <ele>57.0</ele>
      </trkpt>
      <trkpt lat="48.50439" lon="-123.36622">
        <ele>56.3</ele>
      </trkpt>
      <trkpt lat="48.5039" lon="-123.36608">
        <ele>55.5</ele>
      </trkpt>
      <trkpt lat="48.5039" lon="-123.36608">
        <ele>55.5</ele>
      </trkpt>
      <trkpt lat="48.50358" lon="-123.36597">
        <ele>55.2</ele>
      </trkpt>
      <trkpt lat="48.50314" lon="-123.36565">
        <ele>54.3</ele>
      </trkpt>
      <trkpt lat="48.50286" lon="-123.36533">
        <ele>53.8</ele>
      </trkpt>
      <trkpt lat="48.50257" lon="-123.36494">
        <ele>53.7</ele>
      </trkpt>
      <trkpt lat="48.50235" lon="-123.36449">
        <ele>53.8</ele>
      </trkpt>
      <trkpt lat="48.50218" lon="-123.36398">
        <ele>53.8</ele>
      </trkpt>
      <trkpt lat="48.50208" lon="-123.36348">
        <ele>53.6</ele>
      </trkpt>
      <trkpt lat="48.50194" lon="-123.363">
        <ele>53.3</ele>
      </trkpt>
      <trkpt lat="48.50168" lon="-123.36241">
        <ele>53.9</ele>
      </trkpt>
      <trkpt lat="48.5015" lon="-123.36217">
        <ele>54.7</ele>
      </trkpt>
      <trkpt lat="48.50134" lon="-123.36201">
        <ele>55.3</ele>
      </trkpt>
      <trkpt lat="48.50164" lon="-123.36121">
        <ele>53.5</ele>
      </trkpt>
      <trkpt lat="48.50197" lon="-123.36047">
        <ele>51.1</ele>
      </trkpt>
      <trkpt lat="48.50197" lon="-123.36047">
        <ele>51.1</ele>
      </trkpt>
      <trkpt lat="48.50245" lon="-123.35939">
        <ele>48.4</ele>
      </trkpt>
      <trkpt lat="48.50293" lon="-123.35831">
        <ele>44.7</ele>
      </trkpt>
      <trkpt lat="48.50304" lon="-123.35805">
        <ele>43.9</ele>
      </trkpt>
      <trkpt lat="48.50317" lon="-123.35766">
        <ele>42.8</ele>
      </trkpt>
      <trkpt lat="48.50325" lon="-123.35731">
        <ele>42.1</ele>
      </trkpt>
      <trkpt lat="48.50338" lon="-123.35647">
        <ele>40.4</ele>
      </trkpt>
      <trkpt lat="48.50352" lon="-123.35555">
        <ele>38.3</ele>
      </trkpt>
      <trkpt lat="48.50366" lon="-123.35462">
        <ele>36.1</ele>
      </trkpt>
      <trkpt lat="48.50369" lon="-123.35436">
        <ele>35.5</ele>
      </trkpt>
      <trkpt lat="48.5037" lon="-123.35422">
        <ele>35.2</ele>
      </trkpt>
      <trkpt lat="48.50369" lon="-123.35407">
        <ele>35.1</ele>
      </trkpt>
      <trkpt lat="48.50358" lon="-123.35381">
        <ele>35.6</ele>
      </trkpt>
      <trkpt lat="48.50339" lon="-123.35351">
        <ele>36.5</ele>
      </trkpt>
      <trkpt lat="48.50328" lon="-123.35331">
        <ele>36.9</ele>
      </trkpt>
      <trkpt lat="48.50306" lon="-123.35281">
        <ele>37.3</ele>
      </trkpt>
      <trkpt lat="48.50294" lon="-123.3525">
        <ele>37.6</ele>
      </trkpt>
      <trkpt lat="48.5029" lon="-123.35223">
        <ele>37.5</ele>
      </trkpt>
      <trkpt lat="48.5029" lon="-123.35208">
        <ele>37.3</ele>
      </trkpt>
      <trkpt lat="48.50297" lon="-123.35166">
        <ele>36.3</ele>
      </trkpt>
      <trkpt lat="48.50306" lon="-123.3513">
        <ele>34.9</ele>
      </trkpt>
      <trkpt lat="48.5032" lon="-123.35076">
        <ele>32.5</ele>
      </trkpt>
      <trkpt lat="48.50324" lon="-123.35053">
        <ele>31.6</ele>
      </trkpt>
      <trkpt lat="48.50324" lon="-123.35053">
        <ele>31.6</ele>
      </trkpt>
      <trkpt lat="48.50327" lon="-123.3504">
        <ele>31.0</ele>
      </trkpt>
      <trkpt lat="48.50333" lon="-123.34962">
        <ele>29.6</ele>
      </trkpt>
      <trkpt lat="48.50347" lon="-123.34854">
        <ele>26.7</ele>
      </trkpt>
      <trkpt lat="48.5035" lon="-123.34812">
        <ele>25.2</ele>
      </trkpt>
      <trkpt lat="48.50352" lon="-123.34748">
        <ele>23.1</ele>
      </trkpt>
      <trkpt lat="48.50347" lon="-123.34663">
        <ele>19.9</ele>
      </trkpt>
      <trkpt lat="48.50341" lon="-123.34617">
        <ele>17.9</ele>
      </trkpt>
      <trkpt lat="48.50335" lon="-123.34586">
        <ele>16.7</ele>
      </trkpt>
      <trkpt lat="48.50322" lon="-123.34549">
        <ele>16.1</ele>
      </trkpt>
      <trkpt lat="48.50302" lon="-123.34512">
        <ele>16.3</ele>
      </trkpt>
      <trkpt lat="48.50269" lon="-123.34455">
        <ele>16.8</ele>
      </trkpt>
      <trkpt lat="48.50249" lon="-123.34416">
        <ele>16.7</ele>
      </trkpt>
      <trkpt lat="48.50234" lon="-123.34393">
        <ele>17.4</ele>
      </trkpt>
      <trkpt lat="48.50224" lon="-123.34381">
        <ele>18.3</ele>
      </trkpt>
      <trkpt lat="48.50185" lon="-123.34347">
        <ele>24.1</ele>
      </trkpt>
      <trkpt lat="48.50172" lon="-123.34328">
        <ele>25.4</ele>
      </trkpt>
      <trkpt lat="48.50137" lon="-123.34273">
        <ele>27.9</ele>
      </trkpt>
      <trkpt lat="48.50096" lon="-123.34232">
        <ele>31.1</ele>
      </trkpt>
      <trkpt lat="48.5008" lon="-123.34205">
        <ele>30.8</ele>
      </trkpt>
      <trkpt lat="48.5005" lon="-123.34161">
        <ele>31.1</ele>
      </trkpt>
      <trkpt lat="48.49999" lon="-123.34076">
        <ele>30.3</ele>
      </trkpt>
      <trkpt lat="48.49947" lon="-123.33992">
        <ele>32.4</ele>
      </trkpt>
      <trkpt lat="48.49902" lon="-123.33946">
        <ele>35.8</ele>
      </trkpt>
      <trkpt lat="48.49859" lon="-123.33896">
        <ele>38.2</ele>
      </trkpt>
      <trkpt lat="48.49812" lon="-123.33844">
        <ele>40.0</ele>
      </trkpt>
      <trkpt lat="48.49764" lon="-123.33791">
        <ele>41.1</ele>
      </trkpt>
      <trkpt lat="48.49713" lon="-123.33738">
        <ele>41.0</ele>
      </trkpt>
      <trkpt lat="48.49667" lon="-123.33695">
        <ele>38.8</ele>
      </trkpt>
      <trkpt lat="48.49624" lon="-123.33649">
        <ele>35.5</ele>
      </trkpt>
      <trkpt lat="48.49581" lon="-123.33603">
        <ele>33.5</ele>
      </trkpt>
      <trkpt lat="48.49549" lon="-123.33581">
        <ele>33.4</ele>
      </trkpt>
      <trkpt lat="48.49488" lon="-123.33554">
        <ele>33.6</ele>
      </trkpt>
      <trkpt lat="48.49466" lon="-123.33515">
        <ele>30.1</ele>
      </trkpt>
      <trkpt lat="48.49414" lon="-123.33478">
        <ele>27.0</ele>
      </trkpt>
      <trkpt lat="48.49398" lon="-123.33451">
        <ele>24.5</ele>
      </trkpt>
      <trkpt lat="48.49388" lon="-123.33417">
        <ele>23.2</ele>
      </trkpt>
      <trkpt lat="48.49385" lon="-123.33405">
        <ele>22.8</ele>
      </trkpt>
      <trkpt lat="48.49354" lon="-123.33287">
        <ele>18.5</ele>
      </trkpt>
      <trkpt lat="48.49354" lon="-123.33287">
        <ele>18.5</ele>
      </trkpt>
      <trkpt lat="48.49323" lon="-123.33168">
        <ele>18.4</ele>
      </trkpt>
      <trkpt lat="48.49292" lon="-123.3305">
        <ele>18.7</ele>
      </trkpt>
      <trkpt lat="48.49263" lon="-123.32945">
        <ele>18.8</ele>
      </trkpt>
      <trkpt lat="48.49235" lon="-123.32841">
        <ele>17.8</ele>
      </trkpt>
      <trkpt lat="48.49207" lon="-123.32737">
        <ele>18.9</ele>
      </trkpt>
      <trkpt lat="48.49179" lon="-123.32633">
        <ele>20.5</ele>
      </trkpt>
      <trkpt lat="48.49149" lon="-123.32516">
        <ele>22.0</ele>
      </trkpt>
      <trkpt lat="48.4912" lon="-123.32399">
        <ele>24.9</ele>
      </trkpt>
      <trkpt lat="48.4909" lon="-123.32282">
        <ele>29.4</ele>
      </trkpt>
      <trkpt lat="48.49072" lon="-123.32213">
        <ele>32.3</ele>
      </trkpt>
      <trkpt lat="48.4906" lon="-123.32174">
        <ele>34.4</ele>
      </trkpt>
      <trkpt lat="48.49028" lon="-123.32053">
        <ele>40.9</ele>
      </trkpt>
      <trkpt lat="48.48997" lon="-123.31933">
        <ele>46.6</ele>
      </trkpt>
      <trkpt lat="48.48965" lon="-123.31812">
        <ele>53.9</ele>
      </trkpt>
      <trkpt lat="48.48959" lon="-123.31792">
        <ele>55.4</ele>
      </trkpt>
      <trkpt lat="48.48952" lon="-123.31779">
        <ele>56.6</ele>
      </trkpt>
      <trkpt lat="48.48927" lon="-123.31751">
        <ele>59.4</ele>
      </trkpt>
      <trkpt lat="48.48921" lon="-123.31741">
        <ele>60.0</ele>
      </trkpt>
      <trkpt lat="48.48888" lon="-123.31624">
        <ele>61.4</ele>
      </trkpt>
      <trkpt lat="48.48854" lon="-123.31507">
        <ele>62.0</ele>
      </trkpt>
      <trkpt lat="48.48854" lon="-123.31507">
        <ele>62.0</ele>
      </trkpt>
      <trkpt lat="48.48847" lon="-123.31481">
        <ele>62.0</ele>
      </trkpt>
      <trkpt lat="48.48843" lon="-123.31445">
        <ele>61.9</ele>
      </trkpt>
      <trkpt lat="48.48839" lon="-123.31354">
        <ele>61.6</ele>
      </trkpt>
      <trkpt lat="48.48833" lon="-123.3133">
        <ele>61.6</ele>
      </trkpt>
      <trkpt lat="48.48827" lon="-123.31316">
        <ele>61.6</ele>
      </trkpt>
      <trkpt lat="48.48818" lon="-123.31305">
        <ele>61.7</ele>
      </trkpt>
      <trkpt lat="48.48761" lon="-123.3126">
        <ele>62.0</ele>
      </trkpt>
      <trkpt lat="48.48698" lon="-123.31204">
        <ele>61.4</ele>
      </trkpt>
      <trkpt lat="48.48628" lon="-123.31134">
        <ele>58.9</ele>
      </trkpt>
      <trkpt lat="48.48615" lon="-123.31115">
        <ele>58.1</ele>
      </trkpt>
      <trkpt lat="48.48609" lon="-123.31101">
        <ele>57.4</ele>
      </trkpt>
      <trkpt lat="48.48581" lon="-123.30999">
        <ele>51.9</ele>
      </trkpt>
      <trkpt lat="48.48556" lon="-123.30906">
        <ele>46.7</ele>
      </trkpt>
      <trkpt lat="48.48531" lon="-123.30813">
        <ele>41.1</ele>
      </trkpt>
      <trkpt lat="48.48514" lon="-123.3075">
        <ele>37.6</ele>
      </trkpt>
      <trkpt lat="48.48496" lon="-123.30686">
        <ele>34.1</ele>
      </trkpt>
      <trkpt lat="48.4849" lon="-123.30668">
        <ele>33.1</ele>
      </trkpt>
      <trkpt lat="48.48477" lon="-123.30647">
        <ele>32.0</ele>
      </trkpt>
      <trkpt lat="48.48462" lon="-123.30632">
        <ele>31.3</ele>
      </trkpt>
      <trkpt lat="48.48398" lon="-123.30592">
        <ele>30.0</ele>
      </trkpt>
      <trkpt lat="48.48335" lon="-123.30552">
        <ele>29.3</ele>
      </trkpt>
      <trkpt lat="48.48271" lon="-123.30512">
        <ele>28.7</ele>
      </trkpt>
      <trkpt lat="48.48207" lon="-123.30473">
        <ele>27.5</ele>
      </trkpt>
      <trkpt lat="48.48191" lon="-123.30472">
        <ele>27.8</ele>
      </trkpt>
      <trkpt lat="48.48182" lon="-123.30475">
        <ele>28.2</ele>
      </trkpt>
      <trkpt lat="48.48124" lon="-123.30536">
        <ele>34.9</ele>
      </trkpt>
      <trkpt lat="48.4806" lon="-123.3061">
        <ele>45.9</ele>
      </trkpt>
      <trkpt lat="48.48008" lon="-123.30667">
        <ele>57.2</ele>
      </trkpt>
      <trkpt lat="48.47954" lon="-123.30734">
        <ele>62.0</ele>
      </trkpt>
      <trkpt lat="48.4787" lon="-123.307">
        <ele>62.1</ele>
      </trkpt>
      <trkpt lat="48.47787" lon="-123.30666">
        <ele>62.4</ele>
      </trkpt>
      <trkpt lat="48.47703" lon="-123.30632">
        <ele>62.0</ele>
      </trkpt>
      <trkpt lat="48.47632" lon="-123.30588">
        <ele>62.4</ele>
      </trkpt>
      <trkpt lat="48.47579" lon="-123.30549">
        <ele>61.6</ele>
      </trkpt>
      <trkpt lat="48.47533" lon="-123.30506">
        <ele>48.1</ele>
      </trkpt>
      <trkpt lat="48.47506" lon="-123.30468">
        <ele>33.7</ele>
      </trkpt>
      <trkpt lat="48.47506" lon="-123.30468">
        <ele>33.7</ele>
      </trkpt>
      <trkpt lat="48.47478" lon="-123.30424">
        <ele>22.6</ele>
      </trkpt>
      <trkpt lat="48.47448" lon="-123.30398">
        <ele>18.3</ele>
      </trkpt>
      <trkpt lat="48.47399" lon="-123.30389">
        <ele>17.1</ele>
      </trkpt>
      <trkpt lat="48.4735" lon="-123.30358">
        <ele>14.9</ele>
      </trkpt>
      <trkpt lat="48.47301" lon="-123.30326">
        <ele>13.8</ele>
      </trkpt>
      <trkpt lat="48.47288" lon="-123.30321">
        <ele>13.8</ele>
      </trkpt>
      <trkpt lat="48.47259" lon="-123.30316">
        <ele>14.1</ele>
      </trkpt>
      <trkpt lat="48.47193" lon="-123.3031">
        <ele>15.3</ele>
      </trkpt>
      <trkpt lat="48.47132" lon="-123.30305">
        <ele>16.2</ele>
      </trkpt>
      <trkpt lat="48.4707" lon="-123.30301">
        <ele>17.2</ele>
      </trkpt>
      <trkpt lat="48.47021" lon="-123.30214">
        <ele>16.1</ele>
      </trkpt>
      <trkpt lat="48.46972" lon="-123.30127">
        <ele>16.3</ele>
      </trkpt>
      <trkpt lat="48.46923" lon="-123.30041">
        <ele>15.7</ele>
      </trkpt>
      <trkpt lat="48.46874" lon="-123.29954">
        <ele>15.5</ele>
      </trkpt>
      <trkpt lat="48.46825" lon="-123.29868">
        <ele>14.9</ele>
      </trkpt>
      <trkpt lat="48.46776" lon="-123.29781">
        <ele>13.7</ele>
      </trkpt>
      <trkpt lat="48.46738" lon="-123.29713">
        <ele>13.8</ele>
      </trkpt>
      <trkpt lat="48.467" lon="-123.29646">
        <ele>13.9</ele>
      </trkpt>
      <trkpt lat="48.467" lon="-123.29646">
        <ele>13.9</ele>
      </trkpt>
      <trkpt lat="48.46658" lon="-123.2957">
        <ele>14.3</ele>
      </trkpt>
      <trkpt lat="48.46615" lon="-123.29494">
        <ele>14.5</ele>
      </trkpt>
      <trkpt lat="48.46573" lon="-123.29418">
        <ele>14.3</ele>
      </trkpt>
      <trkpt lat="48.46584" lon="-123.29404">
        <ele>13.9</ele>
      </trkpt>
      <trkpt lat="48.46594" lon="-123.29398">
        <ele>13.6</ele>
      </trkpt>
      <trkpt lat="48.46661" lon="-123.29385">
        <ele>12.7</ele>
      </trkpt>
      <trkpt lat="48.46729" lon="-123.29373">
        <ele>11.8</ele>
      </trkpt>
      <trkpt lat="48.46762" lon="-123.29384">
        <ele>11.4</ele>
      </trkpt>
      <trkpt lat="48.46789" lon="-123.29399">
        <ele>11.0</ele>
      </trkpt>
      <trkpt lat="48.468" lon="-123.294">
        <ele>10.8</ele>
      </trkpt>
      <trkpt lat="48.46813" lon="-123.29394">
        <ele>10.5</ele>
      </trkpt>
      <trkpt lat="48.46863" lon="-123.29334">
        <ele>9.2</ele>
      </trkpt>
      <trkpt lat="48.46914" lon="-123.29274">
        <ele>7.4</ele>
      </trkpt>
      <trkpt lat="48.46973" lon="-123.29214">
        <ele>5.8</ele>
      </trkpt>
      <trkpt lat="48.46998" lon="-123.29174">
        <ele>5.1</ele>
      </trkpt>
      <trkpt lat="48.47011" lon="-123.29129">
        <ele>4.4</ele>
      </trkpt>
      <trkpt lat="48.47016" lon="-123.2909">
        <ele>3.9</ele>
      </trkpt>
      <trkpt lat="48.4701" lon="-123.29042">
        <ele>3.4</ele>
      </trkpt>
      <trkpt lat="48.46986" lon="-123.2899">
        <ele>3.4</ele>
      </trkpt>
      <trkpt lat="48.46938" lon="-123.28927">
        <ele>3.9</ele>
      </trkpt>
      <trkpt lat="48.46912" lon="-123.28902">
        <ele>3.9</ele>
      </trkpt>
      <trkpt lat="48.46908" lon="-123.289">
        <ele>3.9</ele>
      </trkpt>
      <trkpt lat="48.46908" lon="-123.289">
        <ele>3.9</ele>
      </trkpt>
      <trkpt lat="48.46854" lon="-123.28877">
        <ele>4.3</ele>
      </trkpt>
      <trkpt lat="48.46818" lon="-123.28873">
        <ele>4.8</ele>
      </trkpt>
      <trkpt lat="48.46782" lon="-123.28862">
        <ele>5.4</ele>
      </trkpt>
      <trkpt lat="48.46765" lon="-123.28843">
        <ele>5.6</ele>
      </trkpt>
      <trkpt lat="48.4676" lon="-123.28813">
        <ele>5.5</ele>
      </trkpt>
      <trkpt lat="48.46751" lon="-123.28779">
        <ele>5.3</ele>
      </trkpt>
      <trkpt lat="48.46734" lon="-123.28757">
        <ele>5.3</ele>
      </trkpt>
      <trkpt lat="48.46708" lon="-123.28735">
        <ele>5.4</ele>
      </trkpt>
      <trkpt lat="48.46692" lon="-123.28715">
        <ele>5.3</ele>
      </trkpt>
      <trkpt lat="48.46681" lon="-123.28694">
        <ele>5.2</ele>
      </trkpt>
      <trkpt lat="48.46675" lon="-123.28669">
        <ele>5.0</ele>
      </trkpt>
      <trkpt lat="48.46673" lon="-123.28633">
        <ele>4.9</ele>
      </trkpt>
      <trkpt lat="48.4666" lon="-123.286">
        <ele>5.1</ele>
      </trkpt>
      <trkpt lat="48.46637" lon="-123.28574">
        <ele>5.3</ele>
      </trkpt>
      <trkpt lat="48.46577" lon="-123.28539">
        <ele>5.6</ele>
      </trkpt>
      <trkpt lat="48.46544" lon="-123.28503">
        <ele>6.0</ele>
      </trkpt>
      <trkpt lat="48.46537" lon="-123.28485">
        <ele>6.0</ele>
      </trkpt>
      <trkpt lat="48.46536" lon="-123.28468">
        <ele>5.9</ele>
      </trkpt>
      <trkpt lat="48.46542" lon="-123.28412">
        <ele>5.5</ele>
      </trkpt>
      <trkpt lat="48.4654" lon="-123.28377">
        <ele>5.4</ele>
      </trkpt>
      <trkpt lat="48.46536" lon="-123.28349">
        <ele>5.2</ele>
      </trkpt>
      <trkpt lat="48.46527" lon="-123.28324">
        <ele>5.2</ele>
      </trkpt>
      <trkpt lat="48.46514" lon="-123.28308">
        <ele>5.4</ele>
      </trkpt>
      <trkpt lat="48.46498" lon="-123.28303">
        <ele>5.7</ele>
      </trkpt>
      <trkpt lat="48.4645" lon="-123.28311">
        <ele>6.9</ele>
      </trkpt>
      <trkpt lat="48.46427" lon="-123.28306">
        <ele>7.4</ele>
      </trkpt>
      <trkpt lat="48.46369" lon="-123.28266">
        <ele>9.0</ele>
      </trkpt>
      <trkpt lat="48.46312" lon="-123.28227">
        <ele>12.5</ele>
      </trkpt>
      <trkpt lat="48.46254" lon="-123.28187">
        <ele>18.0</ele>
      </trkpt>
      <trkpt lat="48.46239" lon="-123.28205">
        <ele>19.3</ele>
      </trkpt>
      <trkpt lat="48.46207" lon="-123.28259">
        <ele>21.6</ele>
      </trkpt>
      <trkpt lat="48.46184" lon="-123.28304">
        <ele>22.9</ele>
      </trkpt>
      <trkpt lat="48.46184" lon="-123.28304">
        <ele>22.9</ele>
      </trkpt>
      <trkpt lat="48.46171" lon="-123.2833">
        <ele>23.6</ele>
      </trkpt>
      <trkpt lat="48.46118" lon="-123.28413">
        <ele>27.2</ele>
      </trkpt>
      <trkpt lat="48.46066" lon="-123.28495">
        <ele>28.0</ele>
      </trkpt>
      <trkpt lat="48.46027" lon="-123.28559">
        <ele>27.1</ele>
      </trkpt>
      <trkpt lat="48.45988" lon="-123.28622">
        <ele>24.7</ele>
      </trkpt>
      <trkpt lat="48.45975" lon="-123.28646">
        <ele>23.4</ele>
      </trkpt>
      <trkpt lat="48.45969" lon="-123.28665">
        <ele>22.4</ele>
      </trkpt>
      <trkpt lat="48.45955" lon="-123.28743">
        <ele>17.7</ele>
      </trkpt>
      <trkpt lat="48.45954" lon="-123.2878">
        <ele>15.6</ele>
      </trkpt>
      <trkpt lat="48.45956" lon="-123.28797">
        <ele>14.7</ele>
      </trkpt>
      <trkpt lat="48.45967" lon="-123.28832">
        <ele>13.8</ele>
      </trkpt>
      <trkpt lat="48.45993" lon="-123.28898">
        <ele>13.4</ele>
      </trkpt>
      <trkpt lat="48.46015" lon="-123.28959">
        <ele>14.1</ele>
      </trkpt>
      <trkpt lat="48.46044" lon="-123.29059">
        <ele>17.0</ele>
      </trkpt>
      <trkpt lat="48.46056" lon="-123.29093">
        <ele>18.2</ele>
      </trkpt>
      <trkpt lat="48.4609" lon="-123.29157">
        <ele>20.0</ele>
      </trkpt>
      <trkpt lat="48.46124" lon="-123.29222">
        <ele>20.6</ele>
      </trkpt>
      <trkpt lat="48.46124" lon="-123.29222">
        <ele>20.6</ele>
      </trkpt>
      <trkpt lat="48.46159" lon="-123.2929">
        <ele>20.7</ele>
      </trkpt>
      <trkpt lat="48.46194" lon="-123.29358">
        <ele>20.6</ele>
      </trkpt>
      <trkpt lat="48.46199" lon="-123.29379">
        <ele>20.7</ele>
      </trkpt>
      <trkpt lat="48.46199" lon="-123.29392">
        <ele>20.9</ele>
      </trkpt>
      <trkpt lat="48.46188" lon="-123.29489">
        <ele>22.3</ele>
      </trkpt>
      <trkpt lat="48.46182" lon="-123.29533">
        <ele>23.1</ele>
      </trkpt>
      <trkpt lat="48.46163" lon="-123.29622">
        <ele>24.2</ele>
      </trkpt>
      <trkpt lat="48.46151" lon="-123.29666">
        <ele>24.4</ele>
      </trkpt>
      <trkpt lat="48.46133" lon="-123.29713">
        <ele>25.0</ele>
      </trkpt>
      <trkpt lat="48.46126" lon="-123.29726">
        <ele>25.3</ele>
      </trkpt>
      <trkpt lat="48.461" lon="-123.29759">
        <ele>26.1</ele>
      </trkpt>
      <trkpt lat="48.46047" lon="-123.29824">
        <ele>28.3</ele>
      </trkpt>
      <trkpt lat="48.45994" lon="-123.29888">
        <ele>28.4</ele>
      </trkpt>
      <trkpt lat="48.45971" lon="-123.29912">
        <ele>27.5</ele>
      </trkpt>
      <trkpt lat="48.45971" lon="-123.29912">
        <ele>27.5</ele>
      </trkpt>
      <trkpt lat="48.45947" lon="-123.29937">
        <ele>26.4</ele>
      </trkpt>
      <trkpt lat="48.45906" lon="-123.29971">
        <ele>24.6</ele>
      </trkpt>
      <trkpt lat="48.45879" lon="-123.29987">
        <ele>23.2</ele>
      </trkpt>
      <trkpt lat="48.45852" lon="-123.29999">
        <ele>21.7</ele>
      </trkpt>
      <trkpt lat="48.45789" lon="-123.30019">
        <ele>18.6</ele>
      </trkpt>
      <trkpt lat="48.45707" lon="-123.30037">
        <ele>15.9</ele>
      </trkpt>
      <trkpt lat="48.45666" lon="-123.30049">
        <ele>14.9</ele>
      </trkpt>
      <trkpt lat="48.45652" lon="-123.30055">
        <ele>14.6</ele>
      </trkpt>
      <trkpt lat="48.45623" lon="-123.30061">
        <ele>13.8</ele>
      </trkpt>
      <trkpt lat="48.45614" lon="-123.3006">
        <ele>13.4</ele>
      </trkpt>
      <trkpt lat="48.45538" lon="-123.30072">
        <ele>11.4</ele>
      </trkpt>
      <trkpt lat="48.45467" lon="-123.30079">
        <ele>10.2</ele>
      </trkpt>
      <trkpt lat="48.453893" lon="-123.300781">
        <ele>9.7</ele>
      </trkpt>
      <trkpt lat="48.45379" lon="-123.30078">
        <ele>9.7</ele>
      </trkpt>
      <trkpt lat="48.453635" lon="-123.300755">
        <ele>9.6</ele>
      </trkpt>
      <trkpt lat="48.45348" lon="-123.30073">
        <ele>9.5</ele>
      </trkpt>
      <trkpt lat="48.45287" lon="-123.30052">
        <ele>8.7</ele>
      </trkpt>
      <trkpt lat="48.45256" lon="-123.30035">
        <ele>8.2</ele>
      </trkpt>
      <trkpt lat="48.45239" lon="-123.30022">
        <ele>7.9</ele>
      </trkpt>
      <trkpt lat="48.45211" lon="-123.29994">
        <ele>7.7</ele>
      </trkpt>
      <trkpt lat="48.45201" lon="-123.29976">
        <ele>7.6</ele>
      </trkpt>
      <trkpt lat="48.45176" lon="-123.29942">
        <ele>7.4</ele>
      </trkpt>
      <trkpt lat="48.45176" lon="-123.29942">
        <ele>7.4</ele>
      </trkpt>
      <trkpt lat="48.45159" lon="-123.29915">
        <ele>7.2</ele>
      </trkpt>
      <trkpt lat="48.45129" lon="-123.2986">
        <ele>6.9</ele>
      </trkpt>
      <trkpt lat="48.45098" lon="-123.29804">
        <ele>6.4</ele>
      </trkpt>
      <trkpt lat="48.4507" lon="-123.29746">
        <ele>6.0</ele>
      </trkpt>
      <trkpt lat="48.45042" lon="-123.29687">
        <ele>5.3</ele>
      </trkpt>
      <trkpt lat="48.45008" lon="-123.29619">
        <ele>4.7</ele>
      </trkpt>
      <trkpt lat="48.44973" lon="-123.2955">
        <ele>4.1</ele>
      </trkpt>
      <trkpt lat="48.4496" lon="-123.29527">
        <ele>3.9</ele>
      </trkpt>
      <trkpt lat="48.44932" lon="-123.29489">
        <ele>3.7</ele>
      </trkpt>
      <trkpt lat="48.44905" lon="-123.29467">
        <ele>3.7</ele>
      </trkpt>
      <trkpt lat="48.44872" lon="-123.29457">
        <ele>4.1</ele>
      </trkpt>
      <trkpt lat="48.44857" lon="-123.29457">
        <ele>4.2</ele>
      </trkpt>
      <trkpt lat="48.44805" lon="-123.29464">
        <ele>4.8</ele>
      </trkpt>
      <trkpt lat="48.44786" lon="-123.29465">
        <ele>5.0</ele>
      </trkpt>
      <trkpt lat="48.44718" lon="-123.29456">
        <ele>5.2</ele>
      </trkpt>
      <trkpt lat="48.44693" lon="-123.29448">
        <ele>5.3</ele>
      </trkpt>
      <trkpt lat="48.44656" lon="-123.29431">
        <ele>5.2</ele>
      </trkpt>
      <trkpt lat="48.4459" lon="-123.29396">
        <ele>4.8</ele>
      </trkpt>
      <trkpt lat="48.44525" lon="-123.29362">
        <ele>4.5</ele>
      </trkpt>
      <trkpt lat="48.44476" lon="-123.29347">
        <ele>4.3</ele>
      </trkpt>
      <trkpt lat="48.44419" lon="-123.29339">
        <ele>4.1</ele>
      </trkpt>
      <trkpt lat="48.44394" lon="-123.29338">
        <ele>3.9</ele>
      </trkpt>
      <trkpt lat="48.4434" lon="-123.29341">
        <ele>3.4</ele>
      </trkpt>
      <trkpt lat="48.44279" lon="-123.2935">
        <ele>3.2</ele>
      </trkpt>
      <trkpt lat="48.44265" lon="-123.29355">
        <ele>3.3</ele>
      </trkpt>
      <trkpt lat="48.44247" lon="-123.29364">
        <ele>3.4</ele>
      </trkpt>
      <trkpt lat="48.4423" lon="-123.29376">
        <ele>3.5</ele>
      </trkpt>
      <trkpt lat="48.44186" lon="-123.29414">
        <ele>3.5</ele>
      </trkpt>
      <trkpt lat="48.4415" lon="-123.29458">
        <ele>3.5</ele>
      </trkpt>
      <trkpt lat="48.44143" lon="-123.29463">
        <ele>3.5</ele>
      </trkpt>
      <trkpt lat="48.44143" lon="-123.29463">
        <ele>3.5</ele>
      </trkpt>
      <trkpt lat="48.44131" lon="-123.29471">
        <ele>3.4</ele>
      </trkpt>
      <trkpt lat="48.44117" lon="-123.29475">
        <ele>3.4</ele>
      </trkpt>
      <trkpt lat="48.44095" lon="-123.29473">
        <ele>3.2</ele>
      </trkpt>
      <trkpt lat="48.44066" lon="-123.29464">
        <ele>3.1</ele>
      </trkpt>
      <trkpt lat="48.44008" lon="-123.2944">
        <ele>2.5</ele>
      </trkpt>
      <trkpt lat="48.43969" lon="-123.29432">
        <ele>2.3</ele>
      </trkpt>
      <trkpt lat="48.43945" lon="-123.29435">
        <ele>2.2</ele>
      </trkpt>
      <trkpt lat="48.43923" lon="-123.29446">
        <ele>2.2</ele>
      </trkpt>
      <trkpt lat="48.43904" lon="-123.29462">
        <ele>2.0</ele>
      </trkpt>
      <trkpt lat="48.43896" lon="-123.29471">
        <ele>1.9</ele>
      </trkpt>
      <trkpt lat="48.43879" lon="-123.29504">
        <ele>1.7</ele>
      </trkpt>
      <trkpt lat="48.4387" lon="-123.29531">
        <ele>1.6</ele>
      </trkpt>
      <trkpt lat="48.43864" lon="-123.29557">
        <ele>1.5</ele>
      </trkpt>
      <trkpt lat="48.43861" lon="-123.2958">
        <ele>1.5</ele>
      </trkpt>
      <trkpt lat="48.4386" lon="-123.29614">
        <ele>1.5</ele>
      </trkpt>
      <trkpt lat="48.43864" lon="-123.29653">
        <ele>1.5</ele>
      </trkpt>
      <trkpt lat="48.43875" lon="-123.29696">
        <ele>1.6</ele>
      </trkpt>
      <trkpt lat="48.43875" lon="-123.29696">
        <ele>1.6</ele>
      </trkpt>
      <trkpt lat="48.43875" lon="-123.29696">
        <ele>1.6</ele>
      </trkpt>
      <trkpt lat="48.43898" lon="-123.29785">
        <ele>2.2</ele>
      </trkpt>
      <trkpt lat="48.43908" lon="-123.29833">
        <ele>2.9</ele>
      </trkpt>
      <trkpt lat="48.43917" lon="-123.29895">
        <ele>4.0</ele>
      </trkpt>
      <trkpt lat="48.43921" lon="-123.29932">
        <ele>4.5</ele>
      </trkpt>
      <trkpt lat="48.43922" lon="-123.29965">
        <ele>4.9</ele>
      </trkpt>
      <trkpt lat="48.43921" lon="-123.29997">
        <ele>5.1</ele>
      </trkpt>
      <trkpt lat="48.43914" lon="-123.30046">
        <ele>5.1</ele>
      </trkpt>
      <trkpt lat="48.43906" lon="-123.30077">
        <ele>5.0</ele>
      </trkpt>
      <trkpt lat="48.43896" lon="-123.30107">
        <ele>4.9</ele>
      </trkpt>
      <trkpt lat="48.43884" lon="-123.30137">
        <ele>4.9</ele>
      </trkpt>
      <trkpt lat="48.4386" lon="-123.30177">
        <ele>4.9</ele>
      </trkpt>
      <trkpt lat="48.43834" lon="-123.30208">
        <ele>4.7</ele>
      </trkpt>
      <trkpt lat="48.43768" lon="-123.30258">
        <ele>3.7</ele>
      </trkpt>
      <trkpt lat="48.43702" lon="-123.30309">
        <ele>3.3</ele>
      </trkpt>
      <trkpt lat="48.43635" lon="-123.3036">
        <ele>3.3</ele>
      </trkpt>
      <trkpt lat="48.43635" lon="-123.3036">
        <ele>3.3</ele>
      </trkpt>
      <trkpt lat="48.4356" lon="-123.30416">
        <ele>3.1</ele>
      </trkpt>
      <trkpt lat="48.43486" lon="-123.30472">
        <ele>3.2</ele>
      </trkpt>
      <trkpt lat="48.43423" lon="-123.3053">
        <ele>3.1</ele>
      </trkpt>
      <trkpt lat="48.43356" lon="-123.30577">
        <ele>3.1</ele>
      </trkpt>
      <trkpt lat="48.4329" lon="-123.30624">
        <ele>3.2</ele>
      </trkpt>
      <trkpt lat="48.43245" lon="-123.30653">
        <ele>3.2</ele>
      </trkpt>
      <trkpt lat="48.432" lon="-123.30683">
        <ele>3.1</ele>
      </trkpt>
      <trkpt lat="48.43153" lon="-123.30702">
        <ele>3.1</ele>
      </trkpt>
      <trkpt lat="48.43106" lon="-123.3072">
        <ele>3.0</ele>
      </trkpt>
      <trkpt lat="48.43061" lon="-123.30735">
        <ele>2.7</ele>
      </trkpt>
      <trkpt lat="48.42995" lon="-123.3076">
        <ele>2.3</ele>
      </trkpt>
      <trkpt lat="48.4293" lon="-123.30785">
        <ele>2.6</ele>
      </trkpt>
      <trkpt lat="48.429" lon="-123.30794">
        <ele>2.5</ele>
      </trkpt>
      <trkpt lat="48.4286" lon="-123.30799">
        <ele>2.0</ele>
      </trkpt>
      <trkpt lat="48.42813" lon="-123.308">
        <ele>1.6</ele>
      </trkpt>
      <trkpt lat="48.42768" lon="-123.30789">
        <ele>1.5</ele>
      </trkpt>
      <trkpt lat="48.42746" lon="-123.30789">
        <ele>1.5</ele>
      </trkpt>
      <trkpt lat="48.42715" lon="-123.30801">
        <ele>1.6</ele>
      </trkpt>
      <trkpt lat="48.42702" lon="-123.308">
        <ele>1.6</ele>
      </trkpt>
      <trkpt lat="48.42692" lon="-123.30794">
        <ele>1.6</ele>
      </trkpt>
      <trkpt lat="48.42638" lon="-123.30754">
        <ele>0.5</ele>
      </trkpt>
      <trkpt lat="48.42625" lon="-123.3075">
        <ele>0.0</ele>
      </trkpt>
      <trkpt lat="48.42585" lon="-123.30747">
        <ele>0.0</ele>
      </trkpt>
      <trkpt lat="48.4255" lon="-123.3074">
        <ele>1.4</ele>
      </trkpt>
      <trkpt lat="48.4255" lon="-123.3074">
        <ele>1.4</ele>
      </trkpt>
      <trkpt lat="48.42521" lon="-123.30727">
        <ele>1.5</ele>
      </trkpt>
      <trkpt lat="48.42495" lon="-123.30709">
        <ele>1.6</ele>
      </trkpt>
      <trkpt lat="48.42455" lon="-123.30667">
        <ele>1.7</ele>
      </trkpt>
      <trkpt lat="48.42438" lon="-123.30643">
        <ele>1.8</ele>
      </trkpt>
      <trkpt lat="48.4242" lon="-123.30604">
        <ele>1.9</ele>
      </trkpt>
      <trkpt lat="48.42414" lon="-123.30577">
        <ele>1.9</ele>
      </trkpt>
      <trkpt lat="48.42414" lon="-123.30556">
        <ele>1.7</ele>
      </trkpt>
      <trkpt lat="48.42422" lon="-123.30443">
        <ele>0.0</ele>
      </trkpt>
      <trkpt lat="48.42417" lon="-123.30415">
        <ele>0.0</ele>
      </trkpt>
      <trkpt lat="48.42359" lon="-123.30319">
        <ele>0.0</ele>
      </trkpt>
      <trkpt lat="48.42351" lon="-123.30298">
        <ele>0.0</ele>
      </trkpt>
      <trkpt lat="48.42329" lon="-123.30251">
        <ele>0.0</ele>
      </trkpt>
      <trkpt lat="48.42297" lon="-123.302">
        <ele>0.0</ele>
      </trkpt>
      <trkpt lat="48.42265" lon="-123.30156">
        <ele>0.0</ele>
      </trkpt>
      <trkpt lat="48.42252" lon="-123.30141">
        <ele>0.0</ele>
      </trkpt>
      <trkpt lat="48.42208" lon="-123.30115">
        <ele>0.0</ele>
      </trkpt>
      <trkpt lat="48.42191" lon="-123.30094">
        <ele>0.0</ele>
      </trkpt>
      <trkpt lat="48.42153" lon="-123.30035">
        <ele>0.0</ele>
      </trkpt>
      <trkpt lat="48.42132" lon="-123.30019">
        <ele>0.0</ele>
      </trkpt>
      <trkpt lat="48.42125" lon="-123.30016">
        <ele>0.0</ele>
      </trkpt>
      <trkpt lat="48.42093" lon="-123.30015">
        <ele>0.0</ele>
      </trkpt>
      <trkpt lat="48.42051" lon="-123.30016">
        <ele>0.0</ele>
      </trkpt>
      <trkpt lat="48.42028" lon="-123.30012">
        <ele>0.0</ele>
      </trkpt>
      <trkpt lat="48.42008" lon="-123.30004">
        <ele>0.0</ele>
      </trkpt>
      <trkpt lat="48.41992" lon="-123.29991">
        <ele>0.0</ele>
      </trkpt>
      <trkpt lat="48.41977" lon="-123.29975">
        <ele>0.0</ele>
      </trkpt>
      <trkpt lat="48.41932" lon="-123.29942">
        <ele>0.0</ele>
      </trkpt>
      <trkpt lat="48.41886" lon="-123.29914">
        <ele>0.0</ele>
      </trkpt>
      <trkpt lat="48.4184" lon="-123.29886">
        <ele>0.0</ele>
      </trkpt>
      <trkpt lat="48.41777" lon="-123.29845">
        <ele>1.2</ele>
      </trkpt>
      <trkpt lat="48.41731" lon="-123.29811">
        <ele>0.0</ele>
      </trkpt>
      <trkpt lat="48.4166" lon="-123.29744">
        <ele>0.0</ele>
      </trkpt>
      <trkpt lat="48.41632" lon="-123.29722">
        <ele>0.0</ele>
      </trkpt>
      <trkpt lat="48.41622" lon="-123.29717">
        <ele>0.0</ele>
      </trkpt>
      <trkpt lat="48.41604" lon="-123.29712">
        <ele>0.0</ele>
      </trkpt>
      <trkpt lat="48.41581" lon="-123.29716">
        <ele>0.0</ele>
      </trkpt>
      <trkpt lat="48.41561" lon="-123.29728">
        <ele>0.0</ele>
      </trkpt>
      <trkpt lat="48.41536" lon="-123.29757">
        <ele>1.0</ele>
      </trkpt>
      <trkpt lat="48.41499" lon="-123.29812">
        <ele>1.8</ele>
      </trkpt>
      <trkpt lat="48.41466" lon="-123.29857">
        <ele>1.9</ele>
      </trkpt>
      <trkpt lat="48.41418" lon="-123.29913">
        <ele>2.0</ele>
      </trkpt>
      <trkpt lat="48.4137" lon="-123.29969">
        <ele>2.0</ele>
      </trkpt>
      <trkpt lat="48.41321" lon="-123.30025">
        <ele>2.0</ele>
      </trkpt>
      <trkpt lat="48.41321" lon="-123.30025">
        <ele>2.0</ele>
      </trkpt>
      <trkpt lat="48.41251" lon="-123.30106">
        <ele>2.1</ele>
      </trkpt>
      <trkpt lat="48.41181" lon="-123.30187">
        <ele>1.4</ele>
      </trkpt>
      <trkpt lat="48.41169" lon="-123.30203">
        <ele>1.3</ele>
      </trkpt>
      <trkpt lat="48.41156" lon="-123.30225">
        <ele>0.0</ele>
      </trkpt>
      <trkpt lat="48.41147" lon="-123.30251">
        <ele>0.1</ele>
      </trkpt>
      <trkpt lat="48.41124" lon="-123.30345">
        <ele>1.7</ele>
      </trkpt>
      <trkpt lat="48.411" lon="-123.30439">
        <ele>1.4</ele>
      </trkpt>
      <trkpt lat="48.4109" lon="-123.30491">
        <ele>1.3</ele>
      </trkpt>
      <trkpt lat="48.41085" lon="-123.30535">
        <ele>1.3</ele>
      </trkpt>
      <trkpt lat="48.41087" lon="-123.30569">
        <ele>1.3</ele>
      </trkpt>
      <trkpt lat="48.41089" lon="-123.30585">
        <ele>1.3</ele>
      </trkpt>
      <trkpt lat="48.41096" lon="-123.30612">
        <ele>1.4</ele>
      </trkpt>
      <trkpt lat="48.41133" lon="-123.30701">
        <ele>1.5</ele>
      </trkpt>
      <trkpt lat="48.41133" lon="-123.30701">
        <ele>1.5</ele>
      </trkpt>
      <trkpt lat="48.41146" lon="-123.3073">
        <ele>1.4</ele>
      </trkpt>
      <trkpt lat="48.4118" lon="-123.30772">
        <ele>1.6</ele>
      </trkpt>
      <trkpt lat="48.41205" lon="-123.30791">
        <ele>2.1</ele>
      </trkpt>
      <trkpt lat="48.41273" lon="-123.30826">
        <ele>3.5</ele>
      </trkpt>
      <trkpt lat="48.41284" lon="-123.30836">
        <ele>3.7</ele>
      </trkpt>
      <trkpt lat="48.41298" lon="-123.30858">
        <ele>4.0</ele>
      </trkpt>
      <trkpt lat="48.41303" lon="-123.30871">
        <ele>4.2</ele>
      </trkpt>
      <trkpt lat="48.41309" lon="-123.30897">
        <ele>4.5</ele>
      </trkpt>
      <trkpt lat="48.41322" lon="-123.30984">
        <ele>4.9</ele>
      </trkpt>
      <trkpt lat="48.41325" lon="-123.31031">
        <ele>4.9</ele>
      </trkpt>
      <trkpt lat="48.41328" lon="-123.31109">
        <ele>5.3</ele>
      </trkpt>
      <trkpt lat="48.41332" lon="-123.31187">
        <ele>6.3</ele>
      </trkpt>
      <trkpt lat="48.41326" lon="-123.31259">
        <ele>7.1</ele>
      </trkpt>
      <trkpt lat="48.41319" lon="-123.31332">
        <ele>9.2</ele>
      </trkpt>
      <trkpt lat="48.41316" lon="-123.31361">
        <ele>10.0</ele>
      </trkpt>
      <trkpt lat="48.41307" lon="-123.31412">
        <ele>11.0</ele>
      </trkpt>
      <trkpt lat="48.41307" lon="-123.31412">
        <ele>11.0</ele>
      </trkpt>
      <trkpt lat="48.41305" lon="-123.31427">
        <ele>11.3</ele>
      </trkpt>
      <trkpt lat="48.41282" lon="-123.31517">
        <ele>13.7</ele>
      </trkpt>
      <trkpt lat="48.4127" lon="-123.31553">
        <ele>15.0</ele>
      </trkpt>
      <trkpt lat="48.4126" lon="-123.31573">
        <ele>15.7</ele>
      </trkpt>
      <trkpt lat="48.41217" lon="-123.3164">
        <ele>20.0</ele>
      </trkpt>
      <trkpt lat="48.41205" lon="-123.3167">
        <ele>22.7</ele>
      </trkpt>
      <trkpt lat="48.41201" lon="-123.31693">
        <ele>24.9</ele>
      </trkpt>
      <trkpt lat="48.41207" lon="-123.31712">
        <ele>25.9</ele>
      </trkpt>
      <trkpt lat="48.41162" lon="-123.31774">
        <ele>39.6</ele>
      </trkpt>
      <trkpt lat="48.41116" lon="-123.31835">
        <ele>55.4</ele>
      </trkpt>
      <trkpt lat="48.41106" lon="-123.31839">
        <ele>57.5</ele>
      </trkpt>
      <trkpt lat="48.4105" lon="-123.31833">
        <ele>61.9</ele>
      </trkpt>
      <trkpt lat="48.41009" lon="-123.31813">
        <ele>54.9</ele>
      </trkpt>
      <trkpt lat="48.40998" lon="-123.31801">
        <ele>50.7</ele>
      </trkpt>
      <trkpt lat="48.40985" lon="-123.31779">
        <ele>43.8</ele>
      </trkpt>
      <trkpt lat="48.40975" lon="-123.31767">
        <ele>39.7</ele>
      </trkpt>
      <trkpt lat="48.40962" lon="-123.31763">
        <ele>36.5</ele>
      </trkpt>
      <trkpt lat="48.40955" lon="-123.31762">
        <ele>34.9</ele>
      </trkpt>
      <trkpt lat="48.40949" lon="-123.31765">
        <ele>34.1</ele>
      </trkpt>
      <trkpt lat="48.40942" lon="-123.31771">
        <ele>33.4</ele>
      </trkpt>
      <trkpt lat="48.40936" lon="-123.31781">
        <ele>33.3</ele>
      </trkpt>
      <trkpt lat="48.40936" lon="-123.31781">
        <ele>33.3</ele>
      </trkpt>
      <trkpt lat="48.40893" lon="-123.3187">
        <ele>28.6</ele>
      </trkpt>
      <trkpt lat="48.4085" lon="-123.3196">
        <ele>22.9</ele>
      </trkpt>
      <trkpt lat="48.40847" lon="-123.31974">
        <ele>22.8</ele>
      </trkpt>
      <trkpt lat="48.40849" lon="-123.31992">
        <ele>23.6</ele>
      </trkpt>
      <trkpt lat="48.40855" lon="-123.32004">
        <ele>24.8</ele>
      </trkpt>
      <trkpt lat="48.40872" lon="-123.32023">
        <ele>27.8</ele>
      </trkpt>
      <trkpt lat="48.40895" lon="-123.3205">
        <ele>30.8</ele>
      </trkpt>
      <trkpt lat="48.40933" lon="-123.32087">
        <ele>34.8</ele>
      </trkpt>
      <trkpt lat="48.40941" lon="-123.32092">
        <ele>35.6</ele>
      </trkpt>
      <trkpt lat="48.40957" lon="-123.32096">
        <ele>37.7</ele>
      </trkpt>
      <trkpt lat="48.41016" lon="-123.32109">
        <ele>42.9</ele>
      </trkpt>
      <trkpt lat="48.4103" lon="-123.32118">
        <ele>42.7</ele>
      </trkpt>
      <trkpt lat="48.4104" lon="-123.32131">
        <ele>41.6</ele>
      </trkpt>
      <trkpt lat="48.41076" lon="-123.32226">
        <ele>32.0</ele>
      </trkpt>
      <trkpt lat="48.41078" lon="-123.32253">
        <ele>29.8</ele>
      </trkpt>
      <trkpt lat="48.4107" lon="-123.32326">
        <ele>24.7</ele>
      </trkpt>
      <trkpt lat="48.41068" lon="-123.32358">
        <ele>22.1</ele>
      </trkpt>
      <trkpt lat="48.4107" lon="-123.32382">
        <ele>20.0</ele>
      </trkpt>
      <trkpt lat="48.41073" lon="-123.32394">
        <ele>19.0</ele>
      </trkpt>
      <trkpt lat="48.41081" lon="-123.32413">
        <ele>17.4</ele>
      </trkpt>
      <trkpt lat="48.41122" lon="-123.32485">
        <ele>12.1</ele>
      </trkpt>
      <trkpt lat="48.41156" lon="-123.32568">
        <ele>7.8</ele>
      </trkpt>
      <trkpt lat="48.41191" lon="-123.32652">
        <ele>5.5</ele>
      </trkpt>
      <trkpt lat="48.41191" lon="-123.32652">
        <ele>5.5</ele>
      </trkpt>
      <trkpt lat="48.41197" lon="-123.32666">
        <ele>5.4</ele>
      </trkpt>
      <trkpt lat="48.41215" lon="-123.32794">
        <ele>6.0</ele>
      </trkpt>
      <trkpt lat="48.41222" lon="-123.32841">
        <ele>7.0</ele>
      </trkpt>
      <trkpt lat="48.41223" lon="-123.32858">
        <ele>7.3</ele>
      </trkpt>
      <trkpt lat="48.41222" lon="-123.32876">
        <ele>7.5</ele>
      </trkpt>
      <trkpt lat="48.41205" lon="-123.32946">
        <ele>7.4</ele>
      </trkpt>
      <trkpt lat="48.41187" lon="-123.33016">
        <ele>7.1</ele>
      </trkpt>
      <trkpt lat="48.41182" lon="-123.33033">
        <ele>7.0</ele>
      </trkpt>
      <trkpt lat="48.4116" lon="-123.33075">
        <ele>6.1</ele>
      </trkpt>
      <trkpt lat="48.4112" lon="-123.33145">
        <ele>4.4</ele>
      </trkpt>
      <trkpt lat="48.41113" lon="-123.33157">
        <ele>4.2</ele>
      </trkpt>
      <trkpt lat="48.41041" lon="-123.33158">
        <ele>2.6</ele>
      </trkpt>
      <trkpt lat="48.41031" lon="-123.33156">
        <ele>2.5</ele>
      </trkpt>
      <trkpt lat="48.41013" lon="-123.33144">
        <ele>2.3</ele>
      </trkpt>
      <trkpt lat="48.40985" lon="-123.33103">
        <ele>2.0</ele>
      </trkpt>
      <trkpt lat="48.40985" lon="-123.33103">
        <ele>2.0</ele>
      </trkpt>
      <trkpt lat="48.40966" lon="-123.33076">
        <ele>1.6</ele>
      </trkpt>
      <trkpt lat="48.40957" lon="-123.33068">
        <ele>1.5</ele>
      </trkpt>
      <trkpt lat="48.40939" lon="-123.33062">
        <ele>1.3</ele>
      </trkpt>
      <trkpt lat="48.40925" lon="-123.33063">
        <ele>1.2</ele>
      </trkpt>
      <trkpt lat="48.40905" lon="-123.33075">
        <ele>0.0</ele>
      </trkpt>
      <trkpt lat="48.40892" lon="-123.33096">
        <ele>0.0</ele>
      </trkpt>
      <trkpt lat="48.40886" lon="-123.3312">
        <ele>0.0</ele>
      </trkpt>
      <trkpt lat="48.40876" lon="-123.33179">
        <ele>0.0</ele>
      </trkpt>
      <trkpt lat="48.40876" lon="-123.33179">
        <ele>0.0</ele>
      </trkpt>
      <trkpt lat="48.40871" lon="-123.33211">
        <ele>0.0</ele>
      </trkpt>
      <trkpt lat="48.4087" lon="-123.33225">
        <ele>0.0</ele>
      </trkpt>
      <trkpt lat="48.40871" lon="-123.33251">
        <ele>0.0</ele>
      </trkpt>
      <trkpt lat="48.40881" lon="-123.33339">
        <ele>0.0</ele>
      </trkpt>
      <trkpt lat="48.4089" lon="-123.33427">
        <ele>0.0</ele>
      </trkpt>
      <trkpt lat="48.40904" lon="-123.33494">
        <ele>0.0</ele>
      </trkpt>
      <trkpt lat="48.4091" lon="-123.33504">
        <ele>0.3</ele>
      </trkpt>
      <trkpt lat="48.4092" lon="-123.33511">
        <ele>1.2</ele>
      </trkpt>
      <trkpt lat="48.40957" lon="-123.33512">
        <ele>1.5</ele>
      </trkpt>
      <trkpt lat="48.40976" lon="-123.33521">
        <ele>1.6</ele>
      </trkpt>
      <trkpt lat="48.40986" lon="-123.33529">
        <ele>1.7</ele>
      </trkpt>
      <trkpt lat="48.40997" lon="-123.33548">
        <ele>1.7</ele>
      </trkpt>
      <trkpt lat="48.41002" lon="-123.33563">
        <ele>1.7</ele>
      </trkpt>
      <trkpt lat="48.41006" lon="-123.33583">
        <ele>1.6</ele>
      </trkpt>
      <trkpt lat="48.41006" lon="-123.33629">
        <ele>1.5</ele>
      </trkpt>
      <trkpt lat="48.41008" lon="-123.33662">
        <ele>1.6</ele>
      </trkpt>
      <trkpt lat="48.41029" lon="-123.33737">
        <ele>2.1</ele>
      </trkpt>
      <trkpt lat="48.41035" lon="-123.33772">
        <ele>2.6</ele>
      </trkpt>
      <trkpt lat="48.41039" lon="-123.33817">
        <ele>3.3</ele>
      </trkpt>
      <trkpt lat="48.41039" lon="-123.33848">
        <ele>3.6</ele>
      </trkpt>
      <trkpt lat="48.41033" lon="-123.3393">
        <ele>3.3</ele>
      </trkpt>
      <trkpt lat="48.41026" lon="-123.34012">
        <ele>3.2</ele>
      </trkpt>
      <trkpt lat="48.41016" lon="-123.3408">
        <ele>3.4</ele>
      </trkpt>
      <trkpt lat="48.41009" lon="-123.34113">
        <ele>3.4</ele>
      </trkpt>
      <trkpt lat="48.40998" lon="-123.34154">
        <ele>3.1</ele>
      </trkpt>
      <trkpt lat="48.40985" lon="-123.34194">
        <ele>2.8</ele>
      </trkpt>
      <trkpt lat="48.40949" lon="-123.3429">
        <ele>2.2</ele>
      </trkpt>
      <trkpt lat="48.40914" lon="-123.34386">
        <ele>2.2</ele>
      </trkpt>
      <trkpt lat="48.40878" lon="-123.34482">
        <ele>1.7</ele>
      </trkpt>
      <trkpt lat="48.40826" lon="-123.3458">
        <ele>0.3</ele>
      </trkpt>
      <trkpt lat="48.40773" lon="-123.34678">
        <ele>0.0</ele>
      </trkpt>
      <trkpt lat="48.40721" lon="-123.34776">
        <ele>0.0</ele>
      </trkpt>
      <trkpt lat="48.40669" lon="-123.34874">
        <ele>0.0</ele>
      </trkpt>
      <trkpt lat="48.40656" lon="-123.34893">
        <ele>0.0</ele>
      </trkpt>
      <trkpt lat="48.40644" lon="-123.34907">
        <ele>0.0</ele>
      </trkpt>
      <trkpt lat="48.40592" lon="-123.34953">
        <ele>0.0</ele>
      </trkpt>
      <trkpt lat="48.40585" lon="-123.34967">
        <ele>0.0</ele>
      </trkpt>
      <trkpt lat="48.40582" lon="-123.34981">
        <ele>0.0</ele>
      </trkpt>
      <trkpt lat="48.40582" lon="-123.34998">
        <ele>0.0</ele>
      </trkpt>
      <trkpt lat="48.40602" lon="-123.35102">
        <ele>0.0</ele>
      </trkpt>
      <trkpt lat="48.40645" lon="-123.35207">
        <ele>0.0</ele>
      </trkpt>
      <trkpt lat="48.40687" lon="-123.35312">
        <ele>0.0</ele>
      </trkpt>
      <trkpt lat="48.4073" lon="-123.35417">
        <ele>0.0</ele>
      </trkpt>
      <trkpt lat="48.40738" lon="-123.35444">
        <ele>0.0</ele>
      </trkpt>
      <trkpt lat="48.40749" lon="-123.35492">
        <ele>0.0</ele>
      </trkpt>
      <trkpt lat="48.40749" lon="-123.35492">
        <ele>0.0</ele>
      </trkpt>
      <trkpt lat="48.40765" lon="-123.35559">
        <ele>0.0</ele>
      </trkpt>
      <trkpt lat="48.40781" lon="-123.35626">
        <ele>0.0</ele>
      </trkpt>
      <trkpt lat="48.40785" lon="-123.35658">
        <ele>0.0</ele>
      </trkpt>
      <trkpt lat="48.4079" lon="-123.35771">
        <ele>0.0</ele>
      </trkpt>
      <trkpt lat="48.40788" lon="-123.35787">
        <ele>0.0</ele>
      </trkpt>
      <trkpt lat="48.40777" lon="-123.35841">
        <ele>0.0</ele>
      </trkpt>
      <trkpt lat="48.40775" lon="-123.35864">
        <ele>0.0</ele>
      </trkpt>
      <trkpt lat="48.40775" lon="-123.35886">
        <ele>0.0</ele>
      </trkpt>
      <trkpt lat="48.40778" lon="-123.35913">
        <ele>0.0</ele>
      </trkpt>
      <trkpt lat="48.408" lon="-123.36002">
        <ele>0.0</ele>
      </trkpt>
      <trkpt lat="48.40823" lon="-123.36091">
        <ele>0.0</ele>
      </trkpt>
      <trkpt lat="48.40845" lon="-123.3618">
        <ele>0.0</ele>
      </trkpt>
      <trkpt lat="48.40849" lon="-123.36203">
        <ele>0.0</ele>
      </trkpt>
      <trkpt lat="48.40852" lon="-123.36235">
        <ele>0.0</ele>
      </trkpt>
      <trkpt lat="48.40854" lon="-123.36341">
        <ele>0.0</ele>
      </trkpt>
      <trkpt lat="48.40861" lon="-123.36425">
        <ele>0.0</ele>
      </trkpt>
      <trkpt lat="48.40868" lon="-123.3651">
        <ele>0.0</ele>
      </trkpt>
      <trkpt lat="48.40875" lon="-123.3657">
        <ele>0.0</ele>
      </trkpt>
      <trkpt lat="48.40883" lon="-123.36618">
        <ele>0.0</ele>
      </trkpt>
      <trkpt lat="48.40914" lon="-123.36741">
        <ele>0.0</ele>
      </trkpt>
      <trkpt lat="48.40917" lon="-123.36755">
        <ele>0.0</ele>
      </trkpt>
      <trkpt lat="48.40918" lon="-123.36791">
        <ele>0.0</ele>
      </trkpt>
      <trkpt lat="48.40897" lon="-123.36858">
        <ele>0.0</ele>
      </trkpt>
      <trkpt lat="48.40876" lon="-123.36925">
        <ele>0.0</ele>
      </trkpt>
      <trkpt lat="48.4087" lon="-123.36951">
        <ele>0.0</ele>
      </trkpt>
      <trkpt lat="48.40868" lon="-123.3696">
        <ele>0.0</ele>
      </trkpt>
      <trkpt lat="48.4087" lon="-123.36978">
        <ele>0.0</ele>
      </trkpt>
      <trkpt lat="48.40898" lon="-123.37086">
        <ele>0.0</ele>
      </trkpt>
      <trkpt lat="48.40921" lon="-123.37169">
        <ele>0.0</ele>
      </trkpt>
      <trkpt lat="48.40972" lon="-123.37279">
        <ele>0.0</ele>
      </trkpt>
      <trkpt lat="48.41024" lon="-123.3739">
        <ele>0.0</ele>
      </trkpt>
      <trkpt lat="48.41071" lon="-123.37485">
        <ele>0.0</ele>
      </trkpt>
      <trkpt lat="48.41113" lon="-123.37575">
        <ele>0.0</ele>
      </trkpt>
      <trkpt lat="48.41155" lon="-123.37665">
        <ele>0.0</ele>
      </trkpt>
      <trkpt lat="48.41197" lon="-123.37754">
        <ele>0.0</ele>
      </trkpt>
      <trkpt lat="48.41241" lon="-123.37846">
        <ele>0.0</ele>
      </trkpt>
      <trkpt lat="48.41286" lon="-123.37937">
        <ele>0.0</ele>
      </trkpt>
      <trkpt lat="48.4133" lon="-123.38029">
        <ele>0.0</ele>
      </trkpt>
      <trkpt lat="48.41374" lon="-123.3812">
        <ele>0.0</ele>
      </trkpt>
      <trkpt lat="48.41418" lon="-123.38212">
        <ele>0.0</ele>
      </trkpt>
      <trkpt lat="48.41467" lon="-123.3829">
        <ele>0.0</ele>
      </trkpt>
      <trkpt lat="48.41528" lon="-123.38381">
        <ele>0.0</ele>
      </trkpt>
      <trkpt lat="48.41531" lon="-123.38386">
        <ele>0.0</ele>
      </trkpt>
      <trkpt lat="48.41576" lon="-123.38459">
        <ele>0.0</ele>
      </trkpt>
      <trkpt lat="48.41589" lon="-123.38474">
        <ele>0.0</ele>
      </trkpt>
      <trkpt lat="48.41598" lon="-123.38478">
        <ele>0.0</ele>
      </trkpt>
      <trkpt lat="48.41634" lon="-123.38489">
        <ele>0.0</ele>
      </trkpt>
      <trkpt lat="48.41687" lon="-123.38505">
        <ele>0.0</ele>
      </trkpt>
      <trkpt lat="48.4174" lon="-123.3852">
        <ele>0.0</ele>
      </trkpt>
      <trkpt lat="48.4174" lon="-123.3852">
        <ele>0.0</ele>
      </trkpt>
      <trkpt lat="48.4181" lon="-123.38538">
        <ele>0.0</ele>
      </trkpt>
      <trkpt lat="48.41856" lon="-123.38529">
        <ele>0.0</ele>
      </trkpt>
      <trkpt lat="48.41919" lon="-123.38551">
        <ele>0.0</ele>
      </trkpt>
      <trkpt lat="48.41983" lon="-123.38573">
        <ele>0.0</ele>
      </trkpt>
      <trkpt lat="48.42047" lon="-123.38596">
        <ele>0.0</ele>
      </trkpt>
      <trkpt lat="48.42058" lon="-123.38593">
        <ele>0.0</ele>
      </trkpt>
      <trkpt lat="48.42092" lon="-123.38554">
        <ele>0.0</ele>
      </trkpt>
      <trkpt lat="48.42164" lon="-123.38479">
        <ele>0.0</ele>
      </trkpt>
      <trkpt lat="48.42164" lon="-123.38479">
        <ele>0.0</ele>
      </trkpt>
      <trkpt lat="48.42164" lon="-123.38479">
        <ele>0.0</ele>
      </trkpt>
      <trkpt lat="48.42192" lon="-123.38448">
        <ele>0.0</ele>
      </trkpt>
      <trkpt lat="48.42194" lon="-123.38442">
        <ele>0.0</ele>
      </trkpt>
      <trkpt lat="48.42193" lon="-123.38425">
        <ele>0.0</ele>
      </trkpt>
      <trkpt lat="48.42149" lon="-123.38333">
        <ele>0.0</ele>
      </trkpt>
      <trkpt lat="48.42105" lon="-123.38242">
        <ele>0.0</ele>
      </trkpt>
      <trkpt lat="48.42102" lon="-123.38225">
        <ele>0.0</ele>
      </trkpt>
      <trkpt lat="48.42103" lon="-123.38213">
        <ele>0.0</ele>
      </trkpt>
      <trkpt lat="48.42106" lon="-123.38205">
        <ele>0.0</ele>
      </trkpt>
      <trkpt lat="48.42167" lon="-123.38137">
        <ele>0.0</ele>
      </trkpt>
      <trkpt lat="48.42201" lon="-123.38103">
        <ele>0.0</ele>
      </trkpt>
      <trkpt lat="48.42203" lon="-123.38098">
        <ele>0.0</ele>
      </trkpt>
      <trkpt lat="48.4219" lon="-123.37987">
        <ele>0.0</ele>
      </trkpt>
      <trkpt lat="48.42177" lon="-123.37876">
        <ele>0.0</ele>
      </trkpt>
      <trkpt lat="48.42178" lon="-123.37862">
        <ele>0.0</ele>
      </trkpt>
      <trkpt lat="48.42179" lon="-123.37857">
        <ele>0.0</ele>
      </trkpt>
      <trkpt lat="48.42189" lon="-123.37839">
        <ele>0.0</ele>
      </trkpt>
      <trkpt lat="48.42229" lon="-123.37796">
        <ele>0.0</ele>
      </trkpt>
      <trkpt lat="48.42232" lon="-123.3779">
        <ele>0.0</ele>
      </trkpt>
      <trkpt lat="48.42233" lon="-123.37782">
        <ele>0.0</ele>
      </trkpt>
      <trkpt lat="48.42231" lon="-123.37772">
        <ele>0.0</ele>
      </trkpt>
      <trkpt lat="48.42228" lon="-123.37765">
        <ele>0.0</ele>
      </trkpt>
      <trkpt lat="48.42183" lon="-123.37672">
        <ele>0.0</ele>
      </trkpt>
      <trkpt lat="48.42179" lon="-123.37652">
        <ele>0.0</ele>
      </trkpt>
      <trkpt lat="48.42179" lon="-123.37634">
        <ele>0.0</ele>
      </trkpt>
      <trkpt lat="48.42182" lon="-123.37624">
        <ele>0.0</ele>
      </trkpt>
      <trkpt lat="48.42212" lon="-123.37543">
        <ele>0.0</ele>
      </trkpt>
      <trkpt lat="48.42214" lon="-123.37537">
        <ele>0.0</ele>
      </trkpt>
      <trkpt lat="48.42214" lon="-123.37524">
        <ele>0.0</ele>
      </trkpt>
      <trkpt lat="48.4221" lon="-123.37514">
        <ele>0.0</ele>
      </trkpt>
      <trkpt lat="48.42162" lon="-123.37416">
        <ele>0.0</ele>
      </trkpt>
      <trkpt lat="48.42153" lon="-123.37389">
        <ele>0.0</ele>
      </trkpt>
      <trkpt lat="48.42123" lon="-123.37269">
        <ele>0.0</ele>
      </trkpt>
      <trkpt lat="48.42109" lon="-123.37221">
        <ele>0.0</ele>
      </trkpt>
      <trkpt lat="48.42088" lon="-123.37139">
        <ele>0.0</ele>
      </trkpt>
      <trkpt lat="48.42082" lon="-123.37107">
        <ele>0.0</ele>
      </trkpt>
      <trkpt lat="48.420808" lon="-123.370974">
        <ele>0.0</ele>
      </trkpt>
    </trkseg>
  </trk>
</gpx>
